state,incidentType,expectedResourceLevel,disasterCategory,durationClass,durationDays,declarationDelayDays,fyDeclared,ihProgramDeclared,paProgramDeclared,hmProgramDeclared,expectedResourceScore,missionAssignmentCount,uniqueAgencyCount,uniqueMaTypeCount,uniquePriorityCount,responseComplexityScore,missionDensity,agencyDensity,stage1_funded_prediction,ml_base_prediction,true_funding,totalObligatedFunding
AK,Severe Storm,Medium-High,Weather,Medium,5,73,2010,False,True,True,3,0,0,0,0,0,0.0,0.0,0,0.0,0.0,0.0
AL,Hurricane,Very High,Weather,Short,1,43,2010,False,True,True,5,0,0,0,0,0,0.0,0.0,0,0.0,0.0,0.0
AL,Severe Storm,Medium-High,Weather,Medium,6,19,2010,False,True,True,3,0,0,0,0,0,0.0,0.0,0,0.0,0.0,0.0
AL,Severe Storm,Medium-High,Weather,Short,1,9,2010,True,True,True,3,0,0,0,0,0,0.0,0.0,0,0.0,0.0,0.0
AR,Severe Storm,Medium-High,Weather,Medium,10,35,2010,False,True,True,3,0,0,0,0,0,0.0,0.0,0,0.0,0.0,0.0
AR,Severe Storm,Medium-High,Weather,Medium,10,43,2010,False,True,True,3,0,0,0,0,0,0.0,0.0,0,0.0,0.0,0.0
AZ,Severe Storm,Medium-High,Weather,Medium,4,59,2010,False,True,True,3,0,0,0,0,0,0.0,0.0,0,0.0,0.0,0.0
CA,Severe Storm,Medium-High,Weather,Long,20,50,2010,False,True,True,3,0,0,0,0,0,0.0,0.0,0,0.0,0.0,0.0
CA,Earthquake,Very High,Geological,Long,91,33,2010,False,True,True,5,0,0,0,0,0,0.0,0.0,0,0.0,0.0,0.0
CT,Severe Storm,Medium-High,Weather,Long,66,42,2010,True,True,True,3,0,0,0,0,0,0.0,0.0,0,0.0,0.0,0.0
DC,Snowstorm,Medium,Weather,Short,2,75,2010,False,True,True,2,0,0,0,0,0,0.0,0.0,0,0.0,0.0,0.0
DC,Severe Storm,Medium-High,Weather,Medium,6,47,2010,False,True,True,3,0,0,0,0,0,0.0,0.0,0,0.0,0.0,0.0
DE,Snowstorm,Medium,Weather,Medium,6,54,2010,False,True,True,2,0,0,0,0,0,0.0,0.0,0,0.0,0.0,0.0
IA,Severe Storm,Medium-High,Weather,Medium,4,64,2010,False,True,True,3,0,0,0,0,0,0.0,0.0,0,0.0,0.0,0.0
IA,Severe Storm,Medium-High,Weather,Medium,7,42,2010,False,True,True,3,0,0,0,0,0,0.0,0.0,0,0.0,0.0,0.0
IA,Severe Storm,Medium-High,Weather,Short,1,76,2010,False,True,True,3,0,0,0,0,0,0.0,0.0,0,0.0,0.0,0.0
IA,Severe Storm,Medium-High,Weather,Long,91,58,2010,True,True,True,3,0,0,0,0,0,0.0,0.0,0,0.0,0.0,0.0
ID,Severe Storm,Medium-High,Weather,Medium,8,55,2010,False,True,True,3,0,0,0,0,0,0.0,0.0,0,0.0,0.0,0.0
IL,Severe Storm,Medium-High,Weather,Long,19,31,2010,True,True,True,3,0,0,0,0,0,0.0,0.0,0,0.0,0.0,0.0
KS,Severe Storm,Medium-High,Weather,Short,2,39,2010,False,True,True,3,0,0,0,0,0,0.0,0.0,0,0.0,0.0,0.0
KS,Severe Storm,Medium-High,Weather,Long,17,77,2010,False,True,True,3,0,0,0,0,0,0.0,0.0,0,0.0,0.0,0.0
KS,Severe Storm,Medium-High,Weather,Long,44,64,2010,False,True,True,3,0,0,0,0,0,0.0,0.0,0,0.0,0.0,0.0
KY,Severe Storm,Medium-High,Weather,Long,31,10,2010,True,True,True,3,0,0,0,0,0,0.0,0.0,0,0.0,0.0,0.0
KY,Severe Storm,Medium-High,Weather,Long,13,6,2010,True,True,True,3,0,0,0,0,0,0.0,0.0,0,0.0,0.0,0.0
LA,Severe Storm,Medium-High,Weather,Medium,5,42,2010,False,True,True,3,0,0,0,0,0,0.0,0.0,0,0.0,0.0,0.0
MA,Severe Storm,Medium-High,Weather,Long,45,17,2010,True,True,True,3,0,0,0,0,0,0.0,0.0,0,0.0,0.0,0.0
MD,Snowstorm,Medium,Weather,Short,2,63,2010,False,True,True,2,0,0,0,0,0,0.0,0.0,0,0.0,0.0,0.0
MD,Snowstorm,Medium,Weather,Medium,6,90,2010,False,True,True,2,0,0,0,0,0,0.0,0.0,0,0.0,0.0,0.0
ME,Severe Storm,Medium-High,Weather,Medium,7,30,2010,False,True,True,3,0,0,0,0,0,0.0,0.0,0,0.0,0.0,0.0
ME,Severe Storm,Medium-High,Weather,Long,20,111,2010,False,True,True,3,0,0,0,0,0,0.0,0.0,0,0.0,0.0,0.0
MN,Flood,High,Weather,Long,56,49,2010,False,True,True,4,0,0,0,0,0,0.0,0.0,0,0.0,0.0,0.0
MN,Tornado,Medium-High,Weather,Medium,9,15,2010,False,True,True,3,0,0,0,0,0,0.0,0.0,0,0.0,0.0,0.0
MO,Severe Storm,Medium-High,Weather,Long,49,66,2010,False,True,True,3,0,0,0,0,0,0.0,0.0,0,0.0,0.0,0.0
MS,Severe Storm,Medium-High,Weather,Short,1,6,2010,True,True,True,3,0,0,0,0,0,0.0,0.0,0,0.0,0.0,0.0
MS,Severe Storm,Medium-High,Weather,Short,1,13,2010,True,True,True,3,0,0,0,0,0,0.0,0.0,0,0.0,0.0,0.0
MT,Severe Storm,Medium-High,Weather,Long,45,25,2010,False,True,True,3,0,0,0,0,0,0.0,0.0,0,0.0,0.0,0.0
NC,Severe Storm,Medium-High,Weather,Medium,7,46,2010,False,True,True,3,0,0,0,0,0,0.0,0.0,0,0.0,0.0,0.0
ND,Severe Storm,Medium-High,Weather,Medium,5,37,2010,False,True,True,3,0,0,0,0,0,0.0,0.0,0,0.0,0.0,0.0
ND,Severe Storm,Medium-High,Weather,Short,2,20,2010,False,True,True,3,0,0,0,0,0,0.0,0.0,0,0.0,0.0,0.0
ND,Flood,High,Weather,Long,139,63,2010,False,True,True,4,0,0,0,0,0,0.0,0.0,0,0.0,0.0,0.0
NE,Severe Storm,Medium-High,Weather,Short,1,30,2010,False,True,True,3,0,0,0,0,0,0.0,0.0,0,0.0,0.0,0.0
NE,Severe Storm,Medium-High,Weather,Long,17,65,2010,False,True,True,3,0,0,0,0,0,0.0,0.0,0,0.0,0.0,0.0
NE,Flood,High,Weather,Long,28,46,2010,False,True,True,4,0,0,0,0,0,0.0,0.0,0,0.0,0.0,0.0
NE,Severe Storm,Medium-High,Weather,Long,89,44,2010,False,True,True,3,0,0,0,0,0,0.0,0.0,0,0.0,0.0,0.0
NH,Severe Storm,Medium-High,Weather,Medium,8,34,2010,False,True,True,3,0,0,0,0,0,0.0,0.0,0,0.0,0.0,0.0
NH,Severe Storm,Medium-High,Weather,Long,17,59,2010,False,True,True,3,0,0,0,0,0,0.0,0.0,0,0.0,0.0,0.0
NJ,Severe Storm,Medium-High,Weather,Medium,4,41,2010,False,True,True,3,0,0,0,0,0,0.0,0.0,0,0.0,0.0,0.0
NJ,Snowstorm,Medium,Weather,Short,1,48,2010,False,True,True,2,0,0,0,0,0,0.0,0.0,0,0.0,0.0,0.0
NJ,Snowstorm,Medium,Weather,Short,1,46,2010,False,True,True,2,0,0,0,0,0,0.0,0.0,0,0.0,0.0,0.0
NJ,Severe Storm,Medium-High,Weather,Long,34,21,2010,True,True,True,3,0,0,0,0,0,0.0,0.0,0,0.0,0.0,0.0
NM,Flood,High,Weather,Long,15,50,2010,False,True,True,4,0,0,0,0,0,0.0,0.0,0,0.0,0.0,0.0
NY,Severe Storm,Medium-High,Weather,Short,2,49,2010,False,True,True,3,0,0,0,0,0,0.0,0.0,0,0.0,0.0,0.0
NY,Severe Storm,Medium-High,Weather,Long,18,34,2010,False,True,True,3,0,0,0,0,0,0.0,0.0,0,0.0,0.0,0.0
OK,Severe Storm,Medium-High,Weather,Short,1,63,2010,False,True,True,3,0,0,0,0,0,0.0,0.0,0,0.0,0.0,0.0
OK,Severe Ice Storm,Medium,Unknown,Short,2,36,2010,False,True,True,2,0,0,0,0,0,0.0,0.0,0,0.0,0.0,0.0
OK,Severe Storm,Medium-High,Weather,Short,3,14,2010,True,True,True,3,0,0,0,0,0,0.0,0.0,0,0.0,0.0,0.0
OK,Severe Storm,Medium-High,Weather,Short,2,43,2010,False,True,True,3,0,0,0,0,0,0.0,0.0,0,0.0,0.0,0.0
PA,Snowstorm,Medium,Weather,Medium,6,70,2010,False,True,True,2,0,0,0,0,0,0.0,0.0,0,0.0,0.0,0.0
PR,Severe Storm,Medium-High,Weather,Medium,5,29,2010,False,True,True,3,0,0,0,0,0,0.0,0.0,0,0.0,0.0,0.0
RI,Severe Storm,Medium-High,Weather,Long,31,17,2010,True,True,True,3,0,0,0,0,0,0.0,0.0,0,0.0,0.0,0.0
SD,Severe Storm,Medium-High,Weather,Medium,4,76,2010,False,True,True,3,0,0,0,0,0,0.0,0.0,0,0.0,0.0,0.0
SD,Severe Storm,Medium-High,Weather,Medium,6,49,2010,False,True,True,3,0,0,0,0,0,0.0,0.0,0,0.0,0.0,0.0
SD,Severe Storm,Medium-High,Weather,Short,0,41,2010,False,True,True,3,0,0,0,0,0,0.0,0.0,0,0.0,0.0,0.0
SD,Flood,High,Weather,Long,102,64,2010,False,True,True,4,0,0,0,0,0,0.0,0.0,0,0.0,0.0,0.0
SD,Severe Storm,Medium-High,Weather,Medium,8,43,2010,False,True,True,3,0,0,0,0,0,0.0,0.0,0,0.0,0.0,0.0
SD,Severe Storm,Medium-High,Weather,Medium,9,64,2010,False,True,True,3,0,0,0,0,0,0.0,0.0,0,0.0,0.0,0.0
TN,Severe Storm,Medium-High,Weather,Long,18,4,2010,True,True,True,3,0,0,0,0,0,0.0,0.0,0,0.0,0.0,0.0
TN,Severe Storm,Medium-High,Weather,Medium,4,29,2010,False,True,True,3,0,0,0,0,0,0.0,0.0,0,0.0,0.0,0.0
TX,Hurricane,Very High,Weather,Long,45,34,2010,True,True,True,5,0,0,0,0,0,0.0,0.0,0,0.0,0.0,0.0
VA,Severe Storm,Medium-High,Weather,Medium,5,28,2010,False,True,True,3,0,0,0,0,0,0.0,0.0,0,0.0,0.0,0.0
VA,Snowstorm,Medium,Weather,Short,2,60,2010,False,True,True,2,0,0,0,0,0,0.0,0.0,0,0.0,0.0,0.0
VA,Snowstorm,Medium,Weather,Medium,6,81,2010,False,True,True,2,0,0,0,0,0,0.0,0.0,0,0.0,0.0,0.0
VI,Hurricane,Very High,Weather,Short,2,30,2010,False,True,True,5,0,0,0,0,0,0.0,0.0,0,0.0,0.0,0.0
WI,Severe Storm,Medium-High,Weather,Medium,4,22,2010,True,True,True,3,0,0,0,0,0,0.0,0.0,0,0.0,0.0,0.0
WV,Snowstorm,Medium,Weather,Short,2,74,2010,False,True,True,2,0,0,0,0,0,0.0,0.0,0,0.0,0.0,0.0
WV,Severe Storm,Medium-High,Weather,Long,28,17,2010,True,True,True,3,0,0,0,0,0,0.0,0.0,0,0.0,0.0,0.0
WV,Snowstorm,Medium,Weather,Medium,6,77,2010,False,True,True,2,0,0,0,0,0,0.0,0.0,0,0.0,0.0,0.0
WV,Flood,High,Weather,Long,17,12,2010,True,True,True,4,0,0,0,0,0,0.0,0.0,0,0.0,0.0,0.0
WY,Flood,High,Weather,Long,14,40,2010,False,True,True,4,0,0,0,0,0,0.0,0.0,0,0.0,0.0,0.0
AK,Flood,High,Weather,Medium,5,33,2011,False,True,True,4,0,0,0,0,0,0.0,0.0,0,0.0,0.0,0.0
AL,Severe Storm,Medium-High,Weather,Long,46,13,2011,True,True,True,3,0,0,0,0,0,0.0,0.0,0,0.0,0.0,0.0
AR,Severe Storm,Medium-High,Weather,Long,50,18,2011,True,True,True,3,0,0,0,0,0,0.0,0.0,0,0.0,0.0,0.0
AR,Severe Storm,Medium-High,Weather,Short,2,45,2011,True,True,True,3,0,0,0,0,0,0.0,0.0,0,0.0,0.0,0.0
AZ,Severe Storm,Medium-High,Weather,Long,18,76,2011,False,True,True,3,0,0,0,0,0,0.0,0.0,0,0.0,0.0,0.0
AZ,Severe Storm,Medium-High,Weather,Short,3,79,2011,False,True,True,3,0,0,0,0,0,0.0,0.0,0,0.0,0.0,0.0
CA,Flood,High,Weather,Long,18,40,2011,False,True,True,4,0,0,0,0,0,0.0,0.0,0,0.0,0.0,0.0
CA,Tsunami,Very High,Geological,Short,0,38,2011,False,True,True,5,0,0,0,0,0,0.0,0.0,0,0.0,0.0,0.0
CT,Snowstorm,Medium,Weather,Short,1,51,2011,False,True,True,2,0,0,0,0,0,0.0,0.0,0,0.0,0.0,0.0
CT,Hurricane,Very High,Weather,Medium,5,6,2011,True,True,True,5,0,0,0,0,0,0.0,0.0,0,0.0,0.0,0.0
DC,Hurricane,Very High,Weather,Medium,6,33,2011,False,True,True,5,0,0,0,0,0,0.0,0.0,0,0.0,0.0,0.0
DE,Hurricane,Very High,Weather,Medium,6,36,2011,False,True,True,5,0,0,0,0,0,0.0,0.0,0,0.0,0.0,0.0
GA,Severe Storm,Medium-High,Weather,Short,1,2,2011,True,True,True,3,0,0,0,0,0,0.0,0.0,0,0.0,0.0,0.0
HI,Tsunami,Very High,Geological,Short,1,28,2011,False,True,True,5,0,0,0,0,0,0.0,0.0,0,0.0,0.0,0.0
IA,Severe Storm,Medium-High,Weather,Short,1,26,2011,False,True,True,3,0,0,0,0,0,0.0,0.0,0,0.0,0.0,0.0
IA,Flood,High,Weather,Long,68,33,2011,True,True,True,4,0,0,0,0,0,0.0,0.0,0,0.0,0.0,0.0
IA,Severe Storm,Medium-High,Weather,Medium,5,46,2011,False,True,True,3,0,0,0,0,0,0.0,0.0,0,0.0,0.0,0.0
IA,Severe Storm,Medium-High,Weather,Short,2,34,2011,False,True,True,3,0,0,0,0,0,0.0,0.0,0,0.0,0.0,0.0
ID,Flood,High,Weather,Long,11,50,2011,False,True,True,4,0,0,0,0,0,0.0,0.0,0,0.0,0.0,0.0
IL,Snowstorm,Medium,Weather,Short,3,45,2011,False,True,True,2,0,0,0,0,0,0.0,0.0,0,0.0,0.0,0.0
IL,Severe Storm,Medium-High,Weather,Long,56,49,2011,True,True,True,3,0,0,0,0,0,0.0,0.0,0,0.0,0.0,0.0
IN,Severe Storm,Medium-High,Weather,Long,48,65,2011,False,True,True,3,0,0,0,0,0,0.0,0.0,0,0.0,0.0,0.0
KS,Severe Storm,Medium-High,Weather,Long,16,71,2011,False,True,True,3,0,0,0,0,0,0.0,0.0,0,0.0,0.0,0.0
KS,Flood,High,Weather,Long,61,114,2011,False,True,True,4,0,0,0,0,0,0.0,0.0,0,0.0,0.0,0.0
KY,Severe Storm,Medium-High,Weather,Long,38,22,2011,True,True,True,3,0,0,0,0,0,0.0,0.0,0,0.0,0.0,0.0
KY,Severe Storm,Medium-High,Weather,Medium,4,36,2011,True,True,True,3,0,0,0,0,0,0.0,0.0,0,0.0,0.0,0.0
LA,Flood,High,Weather,Long,73,115,2011,False,True,True,4,0,0,0,0,0,0.0,0.0,0,0.0,0.0,0.0
MA,Snowstorm,Medium,Weather,Short,1,55,2011,False,True,True,2,0,0,0,0,0,0.0,0.0,0,0.0,0.0,0.0
MA,Tornado,Medium-High,Weather,Short,0,14,2011,True,True,True,3,0,0,0,0,0,0.0,0.0,0,0.0,0.0,0.0
MA,Hurricane,Very High,Weather,Short,2,7,2011,True,True,True,5,0,0,0,0,0,0.0,0.0,0,0.0,0.0,0.0
MD,Hurricane,Very High,Weather,Long,12,23,2011,False,True,True,5,0,0,0,0,0,0.0,0.0,0,0.0,0.0,0.0
ME,Severe Storm,Medium-High,Weather,Medium,7,51,2011,False,True,True,3,0,0,0,0,0,0.0,0.0,0,0.0,0.0,0.0
ME,Hurricane,Very High,Weather,Short,2,17,2011,False,True,True,5,0,0,0,0,0,0.0,0.0,0,0.0,0.0,0.0
MN,Severe Storm,Medium-High,Weather,Long,22,21,2011,False,True,True,3,0,0,0,0,0,0.0,0.0,0,0.0,0.0,0.0
MN,Flood,High,Weather,Long,70,55,2011,False,True,True,4,0,0,0,0,0,0.0,0.0,0,0.0,0.0,0.0
MN,Severe Storm,Medium-High,Weather,Short,1,17,2011,False,True,True,3,0,0,0,0,0,0.0,0.0,0,0.0,0.0,0.0
MN,Severe Storm,Medium-High,Weather,Medium,10,27,2011,False,True,True,3,0,0,0,0,0,0.0,0.0,0,0.0,0.0,0.0
MO,Severe Storm,Medium-High,Weather,Medium,5,51,2011,False,True,True,3,0,0,0,0,0,0.0,0.0,0,0.0,0.0,0.0
MO,Severe Storm,Medium-High,Weather,Long,48,20,2011,True,True,True,3,0,0,0,0,0,0.0,0.0,0,0.0,0.0,0.0
MO,Flood,High,Weather,Long,61,72,2011,True,True,True,4,0,0,0,0,0,0.0,0.0,0,0.0,0.0,0.0
MS,Severe Storm,Medium-High,Weather,Long,13,14,2011,True,True,True,3,0,0,0,0,0,0.0,0.0,0,0.0,0.0,0.0
MS,Flood,High,Weather,Long,45,8,2011,True,True,True,4,0,0,0,0,0,0.0,0.0,0,0.0,0.0,0.0
MT,Severe Storm,Medium-High,Weather,Long,109,74,2011,True,True,True,3,0,0,0,0,0,0.0,0.0,0,0.0,0.0,0.0
NC,Severe Storm,Medium-High,Weather,Medium,4,17,2011,True,False,True,3,0,0,0,0,0,0.0,0.0,0,0.0,0.0,0.0
NC,Severe Storm,Medium-High,Weather,Short,0,3,2011,True,True,True,3,0,0,0,0,0,0.0,0.0,0,0.0,0.0,0.0
NC,Hurricane,Very High,Weather,Medium,7,6,2011,True,True,True,5,0,0,0,0,0,0.0,0.0,0,0.0,0.0,0.0
ND,Flood,High,Weather,Long,156,85,2011,True,True,True,4,0,0,0,0,0,0.0,0.0,0,0.0,0.0,0.0
ND,Severe Storm,Medium-High,Weather,Short,2,21,2011,False,True,True,3,0,0,0,0,0,0.0,0.0,0,0.0,0.0,0.0
NE,Severe Storm,Medium-High,Weather,Short,1,38,2011,False,True,True,3,0,0,0,0,0,0.0,0.0,0,0.0,0.0,0.0
NE,Flood,High,Weather,Long,69,80,2011,True,True,True,4,0,0,0,0,0,0.0,0.0,0,0.0,0.0,0.0
NE,Severe Storm,Medium-High,Weather,Short,2,54,2011,False,True,True,3,0,0,0,0,0,0.0,0.0,0,0.0,0.0,0.0
NH,Flood,High,Weather,Medium,4,57,2011,False,True,True,4,0,0,0,0,0,0.0,0.0,0,0.0,0.0,0.0
NH,Hurricane,Very High,Weather,Long,11,8,2011,True,True,True,5,0,0,0,0,0,0.0,0.0,0,0.0,0.0,0.0
NJ,Snowstorm,Medium,Weather,Short,1,40,2011,False,True,True,2,0,0,0,0,0,0.0,0.0,0,0.0,0.0,0.0
NJ,Hurricane,Very High,Weather,Medium,9,4,2011,True,True,True,5,0,0,0,0,0,0.0,0.0,0,0.0,0.0,0.0
NJ,Severe Storm,Medium-High,Weather,Short,2,33,2011,False,True,True,3,0,0,0,0,0,0.0,0.0,0,0.0,0.0,0.0
NM,Severe Storm,Medium-High,Weather,Medium,4,51,2011,False,True,True,3,0,0,0,0,0,0.0,0.0,0,0.0,0.0,0.0
NY,Tornado,Medium-High,Weather,Short,0,28,2011,False,True,True,3,0,0,0,0,0,0.0,0.0,0,0.0,0.0,0.0
NY,Severe Storm,Medium-High,Weather,Short,1,54,2011,False,True,True,3,0,0,0,0,0,0.0,0.0,0,0.0,0.0,0.0
NY,Flood,High,Weather,Long,12,45,2011,False,True,True,4,0,0,0,0,0,0.0,0.0,0,0.0,0.0,0.0
NY,Hurricane,Very High,Weather,Medium,10,5,2011,True,True,True,5,0,0,0,0,0,0.0,0.0,0,0.0,0.0,0.0
NY,Severe Storm,Medium-High,Weather,Medium,4,6,2011,True,True,True,3,0,0,0,0,0,0.0,0.0,0,0.0,0.0,0.0
OH,Severe Storm,Medium-High,Weather,Long,41,100,2011,False,True,True,3,0,0,0,0,0,0.0,0.0,0,0.0,0.0,0.0
OK,Severe Storm,Medium-High,Weather,Short,0,8,2011,True,True,True,3,0,0,0,0,0,0.0,0.0,0,0.0,0.0,0.0
OK,Severe Storm,Medium-High,Weather,Medium,5,102,2011,False,True,True,3,0,0,0,0,0,0.0,0.0,0,0.0,0.0,0.0
OK,Severe Storm,Medium-High,Weather,Medium,7,36,2011,False,True,True,3,0,0,0,0,0,0.0,0.0,0,0.0,0.0,0.0
OK,Severe Storm,Medium-High,Weather,Short,3,15,2011,True,True,True,3,0,0,0,0,0,0.0,0.0,0,0.0,0.0,0.0
OR,Severe Storm,Medium-High,Weather,Medium,8,35,2011,False,True,True,3,0,0,0,0,0,0.0,0.0,0,0.0,0.0,0.0
OR,Tsunami,Very High,Geological,Short,0,14,2011,False,True,True,5,0,0,0,0,0,0.0,0.0,0,0.0,0.0,0.0
PA,Severe Storm,Medium-High,Weather,Short,3,79,2011,False,True,True,3,0,0,0,0,0,0.0,0.0,0,0.0,0.0,0.0
PA,Hurricane,Very High,Weather,Medium,4,8,2011,True,True,True,5,0,0,0,0,0,0.0,0.0,0,0.0,0.0,0.0
PA,Flood,High,Weather,Long,42,9,2011,True,True,True,4,0,0,0,0,0,0.0,0.0,0,0.0,0.0,0.0
PR,Severe Storm,Medium-High,Weather,Medium,4,22,2011,False,True,True,3,0,0,0,0,0,0.0,0.0,0,0.0,0.0,0.0
PR,Severe Storm,Medium-High,Weather,Long,19,55,2011,False,True,True,3,0,0,0,0,0,0.0,0.0,0,0.0,0.0,0.0
PR,Hurricane,Very High,Weather,Short,3,6,2011,True,True,True,5,0,0,0,0,0,0.0,0.0,0,0.0,0.0,0.0
RI,Hurricane,Very High,Weather,Short,2,7,2011,False,True,True,5,0,0,0,0,0,0.0,0.0,0,0.0,0.0,0.0
SD,Severe Storm,Medium-High,Weather,Short,1,41,2011,False,True,True,3,0,0,0,0,0,0.0,0.0,0,0.0,0.0,0.0
SD,Flood,High,Weather,Long,133,63,2011,True,True,True,4,0,0,0,0,0,0.0,0.0,0,0.0,0.0,0.0
TN,Severe Storm,Medium-High,Weather,Short,1,31,2011,False,True,True,3,0,0,0,0,0,0.0,0.0,0,0.0,0.0,0.0
TN,Severe Storm,Medium-High,Weather,Short,3,6,2011,True,True,True,3,0,0,0,0,0,0.0,0.0,0,0.0,0.0,0.0
TN,Severe Storm,Medium-High,Weather,Short,0,35,2011,False,True,True,3,0,0,0,0,0,0.0,0.0,0,0.0,0.0,0.0
TN,Severe Storm,Medium-High,Weather,Long,49,20,2011,True,True,True,3,0,0,0,0,0,0.0,0.0,0,0.0,0.0,0.0
TN,Severe Storm,Medium-High,Weather,Medium,6,32,2011,False,True,True,3,0,0,0,0,0,0.0,0.0,0,0.0,0.0,0.0
TX,Fire,Medium,Unknown,Long,145,86,2011,False,True,True,2,0,0,0,0,0,0.0,0.0,0,0.0,0.0,0.0
TX,Fire,Medium,Unknown,Long,123,10,2011,True,True,True,2,0,0,0,0,0,0.0,0.0,0,0.0,0.0,0.0
UT,Flood,High,Weather,Medium,4,53,2011,False,True,True,4,0,0,0,0,0,0.0,0.0,0,0.0,0.0,0.0
UT,Flood,High,Weather,Long,89,112,2011,False,True,True,4,0,0,0,0,0,0.0,0.0,0,0.0,0.0,0.0
VA,Hurricane,Very High,Weather,Short,2,8,2011,False,True,True,5,0,0,0,0,0,0.0,0.0,0,0.0,0.0,0.0
VI,Severe Storm,Medium-High,Weather,Medium,7,35,2011,False,True,True,3,0,0,0,0,0,0.0,0.0,0,0.0,0.0,0.0
VI,Severe Storm,Medium-High,Weather,Medium,4,16,2011,False,True,True,3,0,0,0,0,0,0.0,0.0,0,0.0,0.0,0.0
VT,Severe Storm,Medium-High,Weather,Medium,4,21,2011,False,True,True,3,0,0,0,0,0,0.0,0.0,0,0.0,0.0,0.0
VT,Severe Storm,Medium-High,Weather,Long,16,53,2011,True,True,True,3,0,0,0,0,0,0.0,0.0,0,0.0,0.0,0.0
VT,Severe Storm,Medium-High,Weather,Short,1,43,2011,True,True,True,3,0,0,0,0,0,0.0,0.0,0,0.0,0.0,0.0
VT,Hurricane,Very High,Weather,Medium,6,5,2011,True,True,True,5,0,0,0,0,0,0.0,0.0,0,0.0,0.0,0.0
WA,Severe Storm,Medium-High,Weather,Medium,10,73,2011,False,True,True,3,0,0,0,0,0,0.0,0.0,0,0.0,0.0,0.0
WI,Severe Storm,Medium-High,Weather,Long,17,29,2011,False,True,True,3,0,0,0,0,0,0.0,0.0,0,0.0,0.0,0.0
WI,Snowstorm,Medium,Weather,Short,3,64,2011,False,True,True,2,0,0,0,0,0,0.0,0.0,0,0.0,0.0,0.0
WY,Severe Storm,Medium-High,Weather,Long,51,65,2011,False,True,True,3,0,0,0,0,0,0.0,0.0,0,0.0,0.0,0.0
AK,Severe Storm,Medium-High,Weather,Medium,5,44,2012,False,True,True,3,0,0,0,0,0,0.0,0.0,0,0.0,0.0,0.0
AK,Severe Storm,Medium-High,Weather,Short,2,79,2012,False,True,True,3,0,0,0,0,0,0.0,0.0,0,0.0,0.0,0.0
AL,Severe Storm,Medium-High,Weather,Short,1,10,2012,True,False,True,3,0,0,0,0,0,0.0,0.0,0,0.0,0.0,0.0
AL,Hurricane,Very High,Weather,Medium,10,26,2012,False,True,True,5,0,0,0,0,0,0.0,0.0,0,0.0,0.0,0.0
CO,Fire,Medium,Unknown,Long,32,19,2012,True,True,True,2,0,0,0,0,0,0.0,0.0,0,0.0,0.0,0.0
CT,Severe Storm,Medium-High,Weather,Short,1,19,2012,False,True,True,3,0,0,0,0,0,0.0,0.0,0,0.0,0.0,0.0
DC,Earthquake,Very High,Geological,Medium,5,77,2012,False,True,True,5,0,0,0,0,0,0.0,0.0,0,0.0,0.0,0.0
DC,Severe Storm,Medium-High,Weather,Short,2,32,2012,False,True,True,3,0,0,0,0,0,0.0,0.0,0,0.0,0.0,0.0
FL,Severe Storm,Medium-High,Weather,Long,33,10,2012,True,True,True,3,0,0,0,0,0,0.0,0.0,0,0.0,0.0,0.0
HI,Severe Storm,Medium-High,Weather,Medium,8,46,2012,False,True,True,3,0,0,0,0,0,0.0,0.0,0,0.0,0.0,0.0
IN,Severe Storm,Medium-High,Weather,Short,3,9,2012,True,True,True,3,0,0,0,0,0,0.0,0.0,0,0.0,0.0,0.0
KS,Severe Storm,Medium-High,Weather,Short,1,40,2012,False,True,True,3,0,0,0,0,0,0.0,0.0,0,0.0,0.0,0.0
KY,Severe Storm,Medium-High,Weather,Short,3,6,2012,True,True,True,3,0,0,0,0,0,0.0,0.0,0,0.0,0.0,0.0
LA,Coastal Storm,High,Weather,Medium,4,57,2012,False,True,True,4,0,0,0,0,0,0.0,0.0,0,0.0,0.0,0.0
LA,Hurricane,Very High,Weather,Long,15,3,2012,True,True,True,5,0,0,0,0,0,0.0,0.0,0,0.0,0.0,0.0
MA,Severe Storm,Medium-High,Weather,Short,1,69,2012,False,True,True,3,0,0,0,0,0,0.0,0.0,0,0.0,0.0,0.0
MD,Flood,High,Weather,Short,3,29,2012,False,True,True,4,0,0,0,0,0,0.0,0.0,0,0.0,0.0,0.0
MD,Severe Storm,Medium-High,Weather,Medium,9,34,2012,False,True,True,3,0,0,0,0,0,0.0,0.0,0,0.0,0.0,0.0
MN,Severe Storm,Medium-High,Weather,Medium,7,22,2012,False,True,True,3,0,0,0,0,0,0.0,0.0,0,0.0,0.0,0.0
MS,Hurricane,Very High,Weather,Long,16,3,2012,True,True,True,5,0,0,0,0,0,0.0,0.0,0,0.0,0.0,0.0
MT,Fire,Medium,Unknown,Long,15,38,2012,False,True,True,2,0,0,0,0,0,0.0,0.0,0,0.0,0.0,0.0
NH,Severe Storm,Medium-High,Weather,Short,1,37,2012,False,True,True,3,0,0,0,0,0,0.0,0.0,0,0.0,0.0,0.0
NH,Severe Storm,Medium-High,Weather,Short,2,17,2012,False,True,True,3,0,0,0,0,0,0.0,0.0,0,0.0,0.0,0.0
NJ,Severe Storm,Medium-High,Weather,Medium,8,16,2012,False,True,True,3,0,0,0,0,0,0.0,0.0,0,0.0,0.0,0.0
NJ,Severe Storm,Medium-High,Weather,Short,1,32,2012,False,True,True,3,0,0,0,0,0,0.0,0.0,0,0.0,0.0,0.0
NJ,Severe Storm,Medium-High,Weather,Short,0,19,2012,False,True,True,3,0,0,0,0,0,0.0,0.0,0,0.0,0.0,0.0
NM,Flood,High,Weather,Medium,5,96,2012,False,True,True,4,0,0,0,0,0,0.0,0.0,0,0.0,0.0,0.0
NM,Flood,High,Weather,Long,20,63,2012,False,True,True,4,0,0,0,0,0,0.0,0.0,0,0.0,0.0,0.0
OH,Severe Storm,Medium-High,Weather,Short,3,52,2012,False,True,True,3,0,0,0,0,0,0.0,0.0,0,0.0,0.0,0.0
OK,Severe Storm,Medium-High,Weather,Short,3,47,2012,False,True,True,3,0,0,0,0,0,0.0,0.0,0,0.0,0.0,0.0
OK,Fire,Medium,Unknown,Long,11,19,2012,True,False,True,2,0,0,0,0,0,0.0,0.0,0,0.0,0.0,0.0
OR,Flood,High,Weather,Medium,4,45,2012,False,True,True,4,0,0,0,0,0,0.0,0.0,0,0.0,0.0,0.0
PR,Hurricane,Very High,Weather,Medium,6,40,2012,True,False,True,5,0,0,0,0,0,0.0,0.0,0,0.0,0.0,0.0
TN,Severe Storm,Medium-High,Weather,Short,2,16,2012,True,False,True,3,0,0,0,0,0,0.0,0.0,0,0.0,0.0,0.0
UT,Severe Storm,Medium-High,Weather,Short,1,63,2012,False,True,True,3,0,0,0,0,0,0.0,0.0,0,0.0,0.0,0.0
VA,Earthquake,Very High,Geological,Long,63,73,2012,True,True,True,5,0,0,0,0,0,0.0,0.0,0,0.0,0.0,0.0
VA,Severe Storm,Medium-High,Weather,Short,1,70,2012,False,True,True,3,0,0,0,0,0,0.0,0.0,0,0.0,0.0,0.0
VA,Severe Storm,Medium-High,Weather,Short,2,28,2012,False,True,True,3,0,0,0,0,0,0.0,0.0,0,0.0,0.0,0.0
VT,Severe Storm,Medium-High,Weather,Short,0,172,2012,False,True,True,3,0,0,0,0,0,0.0,0.0,0,0.0,0.0,0.0
VT,Severe Storm,Medium-High,Weather,Short,0,24,2012,False,True,True,3,0,0,0,0,0,0.0,0.0,0,0.0,0.0,0.0
WA,Severe Storm,Medium-High,Weather,Medium,9,51,2012,False,True,True,3,0,0,0,0,0,0.0,0.0,0,0.0,0.0,0.0
WA,Severe Storm,Medium-High,Weather,Short,0,67,2012,False,True,True,3,0,0,0,0,0,0.0,0.0,0,0.0,0.0,0.0
WI,Severe Storm,Medium-High,Weather,Short,1,44,2012,False,True,True,3,0,0,0,0,0,0.0,0.0,0,0.0,0.0,0.0
WV,Severe Storm,Medium-High,Weather,Medium,5,16,2012,True,True,True,3,0,0,0,0,0,0.0,0.0,0,0.0,0.0,0.0
WV,Severe Storm,Medium-High,Weather,Long,16,7,2012,True,True,True,3,0,0,0,0,0,0.0,0.0,0,0.0,0.0,0.0
WV,Severe Storm,Medium-High,Weather,Medium,9,24,2012,True,True,True,3,0,0,0,0,0,0.0,0.0,0,0.0,0.0,0.0
AK,Severe Storm,Medium-High,Weather,Long,15,73,2013,False,True,True,3,3,1,1,1,3,0.2,0.06666666666666667,1,3807.1755,1846.87,1846.87
AK,Flood,High,Weather,Long,25,39,2013,True,True,True,4,86,12,3,2,1032,3.44,0.48,1,3483841.2,3874515.92,3874515.92
AR,Severe Ice Storm,Medium,Unknown,Short,1,35,2013,False,True,True,2,0,0,0,0,0,0.0,0.0,0,0.0,0.0,0.0
AR,Severe Storm,Medium-High,Weather,Medium,4,26,2013,False,True,True,3,2,1,1,1,2,0.5,0.25,1,6532.3906,7815.67,7815.67
AR,Severe Storm,Medium-High,Weather,Medium,6,27,2013,False,True,True,3,0,0,0,0,0,0.0,0.0,0,0.0,0.0,0.0
AZ,Freezing,Medium,Unknown,Long,37,80,2013,False,True,True,2,0,0,0,0,0,0.0,0.0,0,0.0,0.0,0.0
CA,Fire,Medium,Unknown,Short,3,31,2013,False,True,True,2,0,0,0,0,0,0.0,0.0,0,0.0,0.0,0.0
CO,Fire,Medium,Unknown,Medium,5,45,2013,True,True,True,2,0,0,0,0,0,0.0,0.0,0,0.0,0.0,0.0
CO,Fire,Medium,Unknown,Medium,10,45,2013,True,True,True,2,0,0,0,0,0,0.0,0.0,0,0.0,0.0,0.0
CO,Flood,High,Weather,Long,19,3,2013,True,True,True,4,202,19,2,4,3838,10.63157894736842,1.0,1,10735492.0,9033099.45,9033099.45
CT,Hurricane,Very High,Weather,Long,12,3,2013,True,True,True,5,66,15,3,2,990,5.5,1.25,1,1416998.2,1236508.15,1236508.15
CT,Severe Storm,Medium-High,Weather,Short,3,41,2013,False,True,True,3,4,2,1,1,8,1.333333333333333,0.6666666666666666,1,15182.028,15267.2,15267.2
DC,Hurricane,Very High,Weather,Medium,5,40,2013,False,True,True,5,0,0,0,0,0,0.0,0.0,0,0.0,0.0,0.0
DE,Hurricane,Very High,Weather,Long,12,20,2013,False,True,True,5,2,1,1,1,2,0.1666666666666667,0.08333333333333333,0,0.0,0.0,0.0
FL,Hurricane,Very High,Weather,Short,2,52,2013,False,True,True,5,3,1,1,2,3,1.5,0.5,1,3872.7456,2720.799999999999,2720.799999999999
FL,Severe Storm,Medium-High,Weather,Medium,5,31,2013,False,True,True,3,0,0,0,0,0,0.0,0.0,0,0.0,0.0,0.0
IA,Severe Storm,Medium-High,Weather,Short,2,27,2013,False,True,True,3,0,0,0,0,0,0.0,0.0,0,0.0,0.0,0.0
IA,Flood,High,Weather,Long,13,44,2013,False,True,True,4,8,2,1,1,16,0.6153846153846154,0.1538461538461539,1,109194.06,105969.98,105969.98
IA,Severe Storm,Medium-High,Weather,Long,26,44,2013,False,True,True,3,16,3,1,1,48,0.6153846153846154,0.1153846153846154,1,693854.44,1108201.32,1108201.32
IA,Severe Storm,Medium-High,Weather,Medium,7,40,2013,False,True,True,3,0,0,0,0,0,0.0,0.0,0,0.0,0.0,0.0
IL,Flood,High,Weather,Long,19,24,2013,True,True,True,4,6,2,1,1,12,0.3157894736842105,0.1052631578947368,1,109127.125,180637.23,180637.23
KS,Snowstorm,Medium,Weather,Short,3,65,2013,False,True,True,2,0,0,0,0,0,0.0,0.0,0,0.0,0.0,0.0
LA,Severe Storm,Medium-High,Weather,Medium,9,45,2013,False,True,True,3,2,1,1,1,2,0.2222222222222222,0.1111111111111111,1,94.21923,53.34999999999991,53.34999999999991
MA,Hurricane,Very High,Weather,Long,12,53,2013,False,True,True,5,0,0,0,0,0,0.0,0.0,0,0.0,0.0,0.0
MA,Severe Storm,Medium-High,Weather,Short,1,70,2013,False,True,True,3,0,0,0,0,0,0.0,0.0,0,0.0,0.0,0.0
MD,Hurricane,Very High,Weather,Medium,9,25,2013,True,True,True,5,2,1,1,1,2,0.2222222222222222,0.1111111111111111,1,1922.319,2189.7,2189.7
ME,Severe Storm,Medium-High,Weather,Short,1,45,2013,False,True,True,3,0,0,0,0,0,0.0,0.0,0,0.0,0.0,0.0
MI,Flood,High,Weather,Long,28,63,2013,False,True,True,4,6,2,1,2,12,0.2142857142857143,0.07142857142857142,1,780286.8,1170245.23,1170245.23
MN,Severe Storm,Medium-High,Weather,Short,2,24,2013,False,True,True,3,3,1,1,1,3,1.5,0.5,1,65351.883,96680.36000000004,96680.36000000004
MN,Severe Storm,Medium-High,Weather,Medium,6,35,2013,False,True,True,3,15,3,1,1,45,2.5,0.5,1,1075059.0,1164778.54,1164778.54
MO,Severe Storm,Medium-High,Weather,Long,12,50,2013,False,True,True,3,8,1,1,1,8,0.6666666666666666,0.08333333333333333,1,25512.99,22339.95,22339.95
MO,Severe Storm,Medium-High,Weather,Long,12,35,2013,False,True,True,3,0,0,0,0,0,0.0,0.0,0,0.0,0.0,0.0
MS,Severe Storm,Medium-High,Weather,Long,12,3,2013,True,True,True,3,3,1,1,2,3,0.25,0.08333333333333333,1,5918.067,6740.059999999999,6740.059999999999
MT,Flood,High,Weather,Long,15,52,2013,False,True,True,4,2,1,1,1,2,0.1333333333333333,0.06666666666666667,1,114.70163,78.23999999999978,78.23999999999978
NC,Mud/Landslide,Medium,Unknown,Short,3,46,2013,False,True,True,2,0,0,0,0,0,0.0,0.0,0,0.0,0.0,0.0
NC,Flood,High,Weather,Medium,10,84,2013,False,True,True,4,5,2,1,2,10,0.5,0.2,1,208530.36,263050.59,263050.59
ND,Flood,High,Weather,Long,24,37,2013,False,True,True,4,0,0,0,0,0,0.0,0.0,0,0.0,0.0,0.0
ND,Flood,High,Weather,Medium,7,31,2013,False,True,True,4,2,1,1,1,2,0.2857142857142857,0.1428571428571428,1,2945.264,0.0,0.0
ND,Severe Storm,Medium-High,Weather,Long,30,56,2013,False,True,True,3,0,0,0,0,0,0.0,0.0,0,0.0,0.0,0.0
NH,Hurricane,Very High,Weather,Long,13,33,2013,False,True,True,5,0,0,0,0,0,0.0,0.0,0,0.0,0.0,0.0
NH,Severe Storm,Medium-High,Weather,Short,2,39,2013,False,True,True,3,6,2,1,1,12,3.0,1.0,1,29818.234,22788.67000000001,22788.67000000001
NH,Severe Storm,Medium-High,Weather,Medium,7,37,2013,False,True,True,3,0,0,0,0,0,0.0,0.0,0,0.0,0.0,0.0
NJ,Hurricane,Very High,Weather,Long,13,4,2013,True,True,True,5,721,36,3,4,25956,55.46153846153846,2.769230769230769,1,88306620.0,78207384.28,78207384.28
NM,Severe Storm,Medium-High,Weather,Short,2,70,2013,False,True,True,3,0,0,0,0,0,0.0,0.0,0,0.0,0.0,0.0
NM,Severe Storm,Medium-High,Weather,Medium,5,69,2013,False,True,True,3,5,1,1,1,5,1.0,0.2,0,0.0,0.0,0.0
NY,Hurricane,Very High,Weather,Long,12,3,2013,True,True,True,5,787,42,3,4,33054,65.58333333333333,3.5,1,345536320.0,380167818.51,380167818.51
NY,Severe Storm,Medium-High,Weather,Short,1,74,2013,False,True,True,3,0,0,0,0,0,0.0,0.0,0,0.0,0.0,0.0
NY,Flood,High,Weather,Long,14,16,2013,False,True,True,4,7,1,1,1,7,0.5,0.07142857142857142,1,24820.72,959466.4199999999,959466.4199999999
OH,Hurricane,Very High,Weather,Short,1,66,2013,False,True,True,5,3,1,1,1,3,3.0,1.0,1,119276.05,152115.1,152115.1
OK,Severe Storm,Medium-High,Weather,Short,2,43,2013,False,True,True,3,0,0,0,0,0,0.0,0.0,0,0.0,0.0,0.0
OK,Tornado,Medium-High,Weather,Long,15,2,2013,True,True,True,3,122,23,2,4,2806,8.133333333333333,1.533333333333333,1,2067876.4,1658323.36,1658323.36
PA,Hurricane,Very High,Weather,Long,13,76,2013,False,True,True,5,0,0,0,0,0,0.0,0.0,0,0.0,0.0,0.0
RI,Hurricane,Very High,Weather,Medium,5,8,2013,True,True,True,5,13,3,1,1,39,2.6,0.6,1,360714.22,133425.92,133425.92
RI,Severe Storm,Medium-High,Weather,Short,1,42,2013,False,True,True,3,2,1,1,1,2,2.0,1.0,1,2324.5244,2349.6,2349.6
SD,Severe Storm,Medium-High,Weather,Short,2,32,2013,False,True,True,3,5,1,1,1,5,2.5,0.5,1,24463.084,26177.28,26177.28
SD,Severe Storm,Medium-High,Weather,Medium,7,35,2013,False,True,True,3,4,2,1,1,8,0.5714285714285714,0.2857142857142857,1,9146.15,6298.040000000001,6298.040000000001
SD,Severe Storm,Medium-High,Weather,Medium,10,44,2013,False,True,True,3,2,1,1,2,2,0.2,0.1,0,0.0,0.0,0.0
TX,Other,Medium,Unknown,Short,3,107,2013,False,True,True,2,4,1,1,1,4,1.333333333333333,0.3333333333333333,1,10203.199,9963.279999999999,9963.279999999999
UT,Flood,High,Weather,Short,0,53,2013,False,True,True,4,0,0,0,0,0,0.0,0.0,0,0.0,0.0,0.0
VA,Hurricane,Very High,Weather,Long,13,31,2013,True,True,True,5,3,1,1,1,3,0.2307692307692308,0.07692307692307693,1,5935.9595,252.3800000000001,252.3800000000001
VT,Flood,High,Weather,Medium,4,22,2013,False,True,True,4,0,0,0,0,0,0.0,0.0,0,0.0,0.0,0.0
VT,Flood,High,Weather,Long,16,38,2013,False,True,True,4,0,0,0,0,0,0.0,0.0,0,0.0,0.0,0.0
WI,Severe Storm,Medium-High,Weather,Medium,8,49,2013,False,True,True,3,6,2,1,2,12,0.75,0.25,1,82377.0,227933.34,227933.34
WV,Hurricane,Very High,Weather,Medium,10,29,2013,False,True,True,5,9,3,2,2,27,0.9,0.3,1,1256302.2,2295821.51,2295821.51
WV,Flood,High,Weather,Short,0,43,2013,False,True,True,4,0,0,0,0,0,0.0,0.0,0,0.0,0.0,0.0
AK,Flood,High,Weather,Short,1,81,2014,False,True,True,4,0,0,0,0,0,0.0,0.0,0,0.0,0.0,0.0
AK,Severe Storm,Medium-High,Weather,Medium,9,79,2014,False,True,True,3,2,1,1,1,2,0.2222222222222222,0.1111111111111111,0,0.0,0.0,0.0
AL,Severe Storm,Medium-High,Weather,Medium,7,4,2014,True,True,True,3,11,2,1,2,22,1.571428571428571,0.2857142857142857,1,86893.9,118839.08,118839.08
AR,Severe Ice Storm,Medium,Unknown,Short,1,32,2014,False,True,True,2,5,1,1,1,5,5.0,1.0,1,97943.01,113021.52,113021.52
AR,Severe Storm,Medium-High,Weather,Short,0,2,2014,True,True,True,3,16,5,1,2,80,0.0,0.0,1,301122.1,308420.77,308420.77
AS,Severe Storm,Medium-High,Weather,Medium,5,43,2014,False,True,True,3,0,0,0,0,0,0.0,0.0,0,0.0,0.0,0.0
CA,Fire,Medium,Unknown,Long,68,118,2014,False,True,True,2,0,0,0,0,0,0.0,0.0,0,0.0,0.0,0.0
CA,Earthquake,Very High,Geological,Long,14,18,2014,True,True,True,5,0,0,0,0,0,0.0,0.0,0,0.0,0.0,0.0
FL,Severe Storm,Medium-High,Weather,Medium,8,8,2014,True,True,True,3,3,1,1,1,3,0.375,0.125,1,5194.1313,5402.12,5402.12
GA,Severe Ice Storm,Medium,Unknown,Medium,4,24,2014,False,True,True,2,4,1,1,2,4,1.0,0.25,1,4898.064,2239.68,2239.68
GU,Severe Storm,Medium-High,Weather,Short,3,44,2014,False,True,True,3,0,0,0,0,0,0.0,0.0,0,0.0,0.0,0.0
HI,Severe Storm,Medium-High,Weather,Short,2,36,2014,False,True,True,3,0,0,0,0,0,0.0,0.0,0,0.0,0.0,0.0
IA,Severe Storm,Medium-High,Weather,Short,1,41,2014,False,True,True,3,6,1,1,1,6,6.0,1.0,1,8004.2896,3542.5,3542.5
IA,Flood,High,Weather,Medium,9,40,2014,False,True,True,4,0,0,0,0,0,0.0,0.0,0,0.0,0.0,0.0
IA,Severe Storm,Medium-High,Weather,Long,11,40,2014,False,True,True,3,0,0,0,0,0,0.0,0.0,0,0.0,0.0,0.0
IL,Tornado,Medium-High,Weather,Short,0,9,2014,True,False,True,3,3,1,1,1,3,0.0,0.0,1,39572.637,2723.09,2723.09
IN,Severe Storm,Medium-High,Weather,Medium,4,107,2014,False,True,True,3,0,0,0,0,0,0.0,0.0,0,0.0,0.0,0.0
KS,Severe Storm,Medium-High,Weather,Long,25,92,2014,False,True,True,3,6,1,1,1,6,0.24,0.04,1,10042.182,10947.32,10947.32
KY,Severe Storm,Medium-High,Weather,Medium,5,43,2014,False,True,True,3,2,1,1,2,2,0.4,0.2,1,3642.037,2483.03,2483.03
MD,Severe Storm,Medium-High,Weather,Short,1,57,2014,False,True,True,3,0,0,0,0,0,0.0,0.0,0,0.0,0.0,0.0
MI,Flood,High,Weather,Short,2,45,2014,True,True,True,4,9,3,2,2,27,4.5,1.5,1,220077.31,468692.35,468692.35
MN,Flood,High,Weather,Long,30,40,2014,False,True,True,4,2,1,1,1,2,0.06666666666666667,0.03333333333333333,1,2153.882,1949.95,1949.95
MS,Severe Storm,Medium-High,Weather,Medium,5,2,2014,True,True,True,3,17,3,2,2,51,3.4,0.6,1,484500.4,425341.49,425341.49
MT,Flood,High,Weather,Long,15,47,2014,False,True,True,4,0,0,0,0,0,0.0,0.0,0,0.0,0.0,0.0
NC,Flood,High,Weather,Short,0,94,2014,False,True,True,4,0,0,0,0,0,0.0,0.0,0,0.0,0.0,0.0
NC,Severe Ice Storm,Medium,Unknown,Short,1,25,2014,False,True,True,2,0,0,0,0,0,0.0,0.0,0,0.0,0.0,0.0
ND,Severe Storm,Medium-High,Weather,Short,1,27,2014,False,True,True,3,2,1,1,2,2,2.0,1.0,1,3301.2104,0.0,0.0
ND,Flood,High,Weather,Medium,6,55,2014,False,True,True,4,2,1,1,1,2,0.3333333333333333,0.1666666666666667,1,5541.9766,6202.280000000001,6202.280000000001
NE,Severe Storm,Medium-High,Weather,Medium,4,55,2014,False,True,True,3,0,0,0,0,0,0.0,0.0,0,0.0,0.0,0.0
NE,Tornado,Medium-High,Weather,Short,1,37,2014,False,True,True,3,8,2,1,1,16,8.0,2.0,1,200630.6,233712.15,233712.15
NE,Severe Storm,Medium-High,Weather,Medium,7,40,2014,False,True,True,3,4,1,1,1,4,0.5714285714285714,0.1428571428571428,1,40484.45,77921.73000000001,77921.73000000001
NE,Severe Storm,Medium-High,Weather,Short,3,57,2014,False,True,True,3,0,0,0,0,0,0.0,0.0,0,0.0,0.0,0.0
NM,Severe Storm,Medium-High,Weather,Short,3,41,2014,False,True,True,3,22,4,1,2,88,7.333333333333333,1.333333333333333,1,274497.28,273022.05,273022.05
NM,Flood,High,Weather,Long,13,50,2014,False,True,True,4,0,0,0,0,0,0.0,0.0,0,0.0,0.0,0.0
NY,Severe Storm,Medium-High,Weather,Medium,9,56,2014,False,True,True,3,2,1,1,2,2,0.2222222222222222,0.1111111111111111,1,1534.3088,2518.01,2518.01
OK,Severe Storm,Medium-High,Weather,Short,1,56,2014,False,True,True,3,4,1,1,1,4,4.0,1.0,1,68400.7,0.0,0.0
OR,Severe Storm,Medium-High,Weather,Medium,4,57,2014,False,True,True,3,0,0,0,0,0,0.0,0.0,0,0.0,0.0,0.0
PA,Severe Storm,Medium-High,Weather,Long,15,97,2014,False,True,True,3,6,1,1,2,6,0.4,0.06666666666666667,1,3579.4397,3107.73,3107.73
SC,Severe Ice Storm,Medium,Unknown,Medium,4,30,2014,False,True,True,2,15,2,1,2,30,3.75,0.5,1,1513134.2,2451574.64,2451574.64
SD,Severe Storm,Medium-High,Weather,Long,13,36,2014,True,True,True,3,13,4,1,2,52,1.0,0.3076923076923077,1,37214.188,25909.69,25909.69
SD,Flood,High,Weather,Medium,7,45,2014,False,True,True,4,6,2,1,2,12,0.8571428571428571,0.2857142857142857,1,53834.08,48765.68,48765.68
TN,Severe Ice Storm,Medium,Unknown,Short,2,40,2014,False,True,True,2,0,0,0,0,0,0.0,0.0,0,0.0,0.0,0.0
TN,Severe Storm,Medium-High,Weather,Medium,5,69,2014,False,True,True,3,4,1,1,2,4,0.8,0.2,1,103940.48,154605.1,154605.1
TX,Severe Storm,Medium-High,Weather,Short,1,51,2014,False,True,True,3,8,1,1,1,8,8.0,1.0,1,85118.414,100073.06,100073.06
VT,Severe Ice Storm,Medium,Unknown,Medium,6,40,2014,False,True,True,2,2,1,1,1,2,0.3333333333333333,0.1666666666666667,1,4506.109,0.0,0.0
VT,Flood,High,Weather,Short,3,57,2014,False,True,True,4,0,0,0,0,0,0.0,0.0,0,0.0,0.0,0.0
WA,Mud/Landslide,Medium,Unknown,Long,37,11,2014,True,True,True,2,65,11,2,4,715,1.756756756756757,0.2972972972972973,1,1741482.4,3190934.26,3190934.26
WA,Fire,Medium,Unknown,Long,27,33,2014,False,True,True,2,13,3,2,1,39,0.4814814814814815,0.1111111111111111,1,144318.45,82404.84,82404.84
AR,Severe Storm,Medium-High,Weather,Long,39,50,2015,True,True,True,3,5,2,1,2,10,0.1282051282051282,0.05128205128205128,1,308480.66,637446.55,637446.55
AZ,Flood,High,Weather,Short,2,59,2015,False,True,True,4,0,0,0,0,0,0.0,0.0,0,0.0,0.0,0.0
CA,Flood,High,Weather,Short,2,54,2015,False,True,True,4,0,0,0,0,0,0.0,0.0,0,0.0,0.0,0.0
CA,Fire,Medium,Unknown,Long,51,13,2015,True,True,True,2,67,9,2,2,603,1.313725490196078,0.1764705882352941,1,4438567.0,4803051.43,4803051.43
CO,Flood,High,Weather,Long,43,73,2015,False,True,True,4,12,3,1,2,36,0.2790697674418605,0.06976744186046512,1,269830.84,221173.14,221173.14
CT,Severe Storm,Medium-High,Weather,Short,2,72,2015,False,True,True,3,3,1,1,1,3,1.5,0.5,1,31193.727,34592.35,34592.35
GA,Severe Ice Storm,Medium,Unknown,Short,2,64,2015,False,True,True,2,3,1,1,1,3,1.5,0.5,1,105900.01,121743.97,121743.97
GU,Typhoon,Medium,Unknown,Short,3,23,2015,False,True,True,2,0,0,0,0,0,0.0,0.0,0,0.0,0.0,0.0
HI,Volcanic Eruption,Medium,Unknown,Long,202,60,2015,False,True,True,2,0,0,0,0,0,0.0,0.0,0,0.0,0.0,0.0
IA,Severe Storm,Medium-High,Weather,Medium,5,41,2015,False,True,True,3,2,1,1,2,2,0.4,0.2,1,2549.247,4157.280000000001,4157.280000000001
KS,Severe Storm,Medium-High,Weather,Long,48,77,2015,False,True,True,3,3,1,1,2,3,0.0625,0.02083333333333333,1,1098.4789,733.6300000000001,733.6300000000001
KY,Snowstorm,Medium,Weather,Medium,7,74,2015,False,True,True,2,0,0,0,0,0,0.0,0.0,0,0.0,0.0,0.0
KY,Flood,High,Weather,Long,15,29,2015,True,True,True,4,3,1,1,1,3,0.2,0.06666666666666667,0,0.0,0.0,0.0
KY,Flood,High,Weather,Medium,6,70,2015,False,True,True,4,3,1,1,1,3,0.5,0.1666666666666667,1,240061.98,232262.58,232262.58
KY,Severe Storm,Medium-High,Weather,Medium,9,32,2015,True,True,True,3,0,0,0,0,0,0.0,0.0,0,0.0,0.0,0.0
LA,Flood,High,Weather,Long,33,56,2015,False,True,True,4,0,0,0,0,0,0.0,0.0,0,0.0,0.0,0.0
MA,Severe Storm,Medium-High,Weather,Short,2,77,2015,False,True,True,3,16,3,1,1,48,8.0,1.5,1,141865.84,119947.68,119947.68
ME,Snowstorm,Medium,Weather,Short,2,45,2015,False,True,True,2,0,0,0,0,0,0.0,0.0,0,0.0,0.0,0.0
MO,Severe Storm,Medium-High,Weather,Short,1,52,2015,False,True,True,3,0,0,0,0,0,0.0,0.0,0,0.0,0.0,0.0
MO,Severe Storm,Medium-High,Weather,Long,73,84,2015,False,True,True,3,14,2,1,2,28,0.1917808219178082,0.0273972602739726,1,292749.0,283095.56,283095.56
MP,Typhoon,Medium,Unknown,Short,2,4,2015,True,True,True,2,136,11,2,3,1496,68.0,5.5,1,7060538.0,9037915.45,9037915.45
MS,Tornado,Medium-High,Weather,Short,0,15,2015,False,True,True,3,0,0,0,0,0,0.0,0.0,0,0.0,0.0,0.0
MT,Severe Storm,Medium-High,Weather,Medium,4,49,2015,False,True,True,3,0,0,0,0,0,0.0,0.0,0,0.0,0.0,0.0
NE,Severe Storm,Medium-High,Weather,Long,42,50,2015,False,True,True,3,15,2,1,2,30,0.3571428571428572,0.04761904761904762,1,1671312.9,1974878.15,1974878.15
NH,Severe Storm,Medium-High,Weather,Short,2,58,2015,False,True,True,3,3,1,1,1,3,1.5,0.5,1,2553.8855,2658.58,2658.58
NJ,Severe Storm,Medium-High,Weather,Short,0,29,2015,False,True,True,3,0,0,0,0,0,0.0,0.0,0,0.0,0.0,0.0
NM,Severe Storm,Medium-High,Weather,Medium,9,71,2015,False,True,True,3,3,1,1,1,3,0.3333333333333333,0.1111111111111111,0,0.0,0.0,0.0
NM,Severe Storm,Medium-High,Weather,Long,11,44,2015,False,True,True,3,0,0,0,0,0,0.0,0.0,0,0.0,0.0,0.0
NV,Flood,High,Weather,Short,2,59,2015,False,True,True,4,0,0,0,0,0,0.0,0.0,0,0.0,0.0,0.0
NY,Snowstorm,Medium,Weather,Medium,9,35,2015,False,True,True,2,5,1,1,1,5,0.5555555555555556,0.1111111111111111,1,0.71458673,9.094947017729282e-13,9.094947017729282e-13
OK,Severe Storm,Medium-High,Weather,Long,48,21,2015,True,True,True,3,60,6,1,2,360,1.25,0.125,1,2025800.1,8610578.3,8610578.3
RI,Severe Storm,Medium-High,Weather,Short,2,67,2015,False,True,True,3,0,0,0,0,0,0.0,0.0,0,0.0,0.0,0.0
SD,Severe Storm,Medium-High,Weather,Medium,7,43,2015,False,True,True,3,9,3,1,2,27,1.285714285714286,0.4285714285714285,1,102722.27,174774.27,174774.27
SD,Severe Storm,Medium-High,Weather,Long,21,91,2015,True,False,True,3,49,8,1,3,392,2.333333333333333,0.3809523809523809,1,1136978.6,1236104.41,1236104.41
TN,Severe Ice Storm,Medium,Unknown,Medium,7,46,2015,False,True,True,2,6,2,1,2,12,0.8571428571428571,0.2857142857142857,1,312850.94,353673.89,353673.89
TX,Severe Storm,Medium-High,Weather,Long,49,25,2015,True,True,True,3,62,11,2,3,682,1.26530612244898,0.2244897959183673,1,1876228.2,1736326.79,1736326.79
VT,Severe Storm,Medium-High,Weather,Short,3,56,2015,False,True,True,3,0,0,0,0,0,0.0,0.0,0,0.0,0.0,0.0
VT,Severe Storm,Medium-High,Weather,Short,0,50,2015,False,True,True,3,0,0,0,0,0,0.0,0.0,0,0.0,0.0,0.0
WV,Severe Storm,Medium-High,Weather,Long,11,28,2015,False,True,True,3,19,4,1,3,76,1.727272727272727,0.3636363636363636,1,659548.3,134885.37,134885.37
WV,Severe Storm,Medium-High,Weather,Short,2,41,2015,False,True,True,3,5,1,1,1,5,2.5,0.5,0,0.0,0.0,0.0
WV,Flood,High,Weather,Short,3,40,2015,False,True,True,4,7,1,1,1,7,2.333333333333333,0.3333333333333333,0,0.0,0.0,0.0
WV,Flood,High,Weather,Short,2,38,2015,False,True,True,4,11,1,1,1,11,5.5,0.5,1,124211.57,246509.22,246509.22
WV,Severe Storm,Medium-High,Weather,Medium,4,28,2015,False,True,True,3,0,0,0,0,0,0.0,0.0,0,0.0,0.0,0.0
WY,Flood,High,Weather,Long,13,44,2015,True,True,True,4,24,4,1,3,96,1.846153846153846,0.3076923076923077,1,295420.94,189009.86,189009.86
AK,Coastal Storm,High,Weather,Short,0,64,2016,False,True,True,4,0,0,0,0,0,0.0,0.0,0,0.0,0.0,0.0
AK,Severe Storm,Medium-High,Weather,Short,3,67,2016,False,True,True,3,0,0,0,0,0,0.0,0.0,0,0.0,0.0,0.0
AL,Severe Storm,Medium-High,Weather,Medium,8,29,2016,False,True,True,3,10,3,1,2,30,1.25,0.375,1,10358.278,4856.59,4856.59
AR,Severe Storm,Medium-High,Weather,Long,27,41,2016,True,True,True,3,13,4,1,2,52,0.4814814814814815,0.1481481481481481,1,443697.72,639155.7899999999,639155.7899999999
AR,Severe Storm,Medium-High,Weather,Medium,5,59,2016,False,True,True,3,9,3,1,1,27,1.8,0.6,1,112710.15,25315.02,25315.02
DC,Snowstorm,Medium,Weather,Short,1,42,2016,False,True,True,2,0,0,0,0,0,0.0,0.0,0,0.0,0.0,0.0
DE,Snowstorm,Medium,Weather,Short,1,54,2016,False,True,True,2,0,0,0,0,0,0.0,0.0,0,0.0,0.0,0.0
FL,Hurricane,Very High,Weather,Long,11,28,2016,True,True,True,5,2,1,1,1,2,0.1818181818181818,0.09090909090909091,0,0.0,3248.74,3248.74
GA,Severe Storm,Medium-High,Weather,Long,22,66,2016,False,True,True,3,0,0,0,0,0,0.0,0.0,0,0.0,0.0,0.0
IA,Flood,High,Weather,Medium,4,37,2016,False,True,True,4,2,1,1,1,2,0.5,0.25,1,2998.1821,1905.34,1905.34
ID,Severe Storm,Medium-High,Weather,Short,0,36,2016,False,True,True,3,4,1,1,1,4,0.0,0.0,1,4675.2134,2653.77,2653.77
ID,Severe Storm,Medium-High,Weather,Long,11,47,2016,False,True,True,3,0,0,0,0,0,0.0,0.0,0,0.0,0.0,0.0
KY,Severe Storm,Medium-High,Weather,Medium,7,55,2016,False,True,True,3,0,0,0,0,0,0.0,0.0,0,0.0,0.0,0.0
LA,Flood,High,Weather,Long,31,5,2016,True,True,True,4,102,13,1,3,1326,3.290322580645161,0.4193548387096774,1,5284136.0,5771911.04,5771911.04
LA,Flood,High,Weather,Long,20,3,2016,True,True,True,4,289,19,2,4,5491,14.45,0.95,1,76424616.0,90330068.05,90330068.05
MD,Snowstorm,Medium,Weather,Short,1,42,2016,False,True,True,2,0,0,0,0,0,0.0,0.0,0,0.0,0.0,0.0
MD,Flood,High,Weather,Short,1,48,2016,False,True,True,4,0,0,0,0,0,0.0,0.0,0,0.0,0.0,0.0
MO,Flood,High,Weather,Long,17,29,2016,True,True,True,4,24,4,2,2,96,1.411764705882353,0.2352941176470588,1,668338.7,820571.61,820571.61
MS,Severe Storm,Medium-High,Weather,Medium,5,12,2016,True,True,True,3,9,2,1,2,18,1.8,0.4,1,124911.734,129121.41,129121.41
MS,Flood,High,Weather,Long,20,16,2016,True,True,True,4,10,2,1,2,20,0.5,0.1,1,106076.29,312170.34,312170.34
MT,Severe Storm,Medium-High,Weather,Short,1,39,2016,False,True,True,3,0,0,0,0,0,0.0,0.0,0,0.0,0.0,0.0
MT,Tornado,Medium-High,Weather,Short,0,53,2016,False,True,True,3,0,0,0,0,0,0.0,0.0,0,0.0,0.0,0.0
NJ,Severe Storm,Medium-High,Weather,Short,2,52,2016,False,True,True,3,0,0,0,0,0,0.0,0.0,0,0.0,0.0,0.0
OK,Severe Ice Storm,Medium,Unknown,Short,2,32,2016,False,True,True,2,0,0,0,0,0,0.0,0.0,0,0.0,0.0,0.0
OK,Severe Storm,Medium-High,Weather,Medium,10,46,2016,False,True,True,3,0,0,0,0,0,0.0,0.0,0,0.0,0.0,0.0
OK,Flood,High,Weather,Short,2,34,2016,False,True,True,4,0,0,0,0,0,0.0,0.0,0,0.0,0.0,0.0
OR,Severe Storm,Medium-High,Weather,Long,17,73,2016,False,True,True,3,7,2,1,1,14,0.4117647058823529,0.1176470588235294,1,44334.67,44462.52,44462.52
PA,Snowstorm,Medium,Weather,Short,1,61,2016,False,True,True,2,2,1,1,1,2,2.0,1.0,1,1619.9916,0.0,0.0
SC,Flood,High,Weather,Long,22,4,2016,True,True,True,4,108,18,2,3,1944,4.909090909090909,0.8181818181818182,1,4068787.5,3957009.72,3957009.72
TX,Severe Storm,Medium-High,Weather,Medium,9,34,2016,True,True,True,3,5,2,1,2,10,0.5555555555555556,0.2222222222222222,1,26116.094,28294.89000000001,28294.89000000001
TX,Severe Storm,Medium-High,Weather,Long,26,45,2016,False,True,True,3,2,1,1,1,2,0.07692307692307693,0.03846153846153846,1,1870.8112,154452.6,154452.6
TX,Flood,High,Weather,Long,22,12,2016,True,True,True,4,12,3,1,1,36,0.5454545454545454,0.1363636363636364,1,650978.44,605529.73,605529.73
TX,Flood,High,Weather,Long,13,8,2016,True,True,True,4,14,4,1,1,56,1.076923076923077,0.3076923076923077,1,3020279.5,7172730.75,7172730.75
TX,Flood,High,Weather,Long,33,20,2016,True,True,True,4,18,3,2,3,54,0.5454545454545454,0.09090909090909091,1,1224710.9,1198796.06,1198796.06
VA,Snowstorm,Medium,Weather,Short,1,45,2016,False,True,True,2,0,0,0,0,0,0.0,0.0,0,0.0,0.0,0.0
WA,Severe Storm,Medium-High,Weather,Short,0,47,2016,False,True,True,3,0,0,0,0,0,0.0,0.0,0,0.0,0.0,0.0
WA,Fire,Medium,Unknown,Long,32,72,2016,False,True,True,2,7,1,2,1,7,0.21875,0.03125,1,65081.33,68668.66,68668.66
WA,Severe Storm,Medium-High,Weather,Medium,9,64,2016,False,True,True,3,7,2,1,2,14,0.7777777777777778,0.2222222222222222,1,57914.13,46503.9,46503.9
WA,Flood,High,Weather,Long,13,63,2016,False,True,True,4,0,0,0,0,0,0.0,0.0,0,0.0,0.0,0.0
WI,Severe Storm,Medium-High,Weather,Short,1,29,2016,False,True,True,3,11,2,1,1,22,11.0,2.0,1,89975.93,77864.33,77864.33
WV,Flood,High,Weather,Medium,7,3,2016,True,True,True,4,87,12,2,3,1044,12.42857142857143,1.714285714285714,1,5894767.0,1514440.21,1514440.21
AR,Severe Storm,Medium-High,Weather,Long,23,50,2017,True,True,True,3,7,2,1,2,14,0.3043478260869565,0.08695652173913043,1,29347.195,16978.89,16978.89
CA,Severe Storm,Medium-High,Weather,Medium,9,42,2017,False,True,True,3,13,2,1,1,26,1.444444444444444,0.2222222222222222,1,187367.56,219451.44,219451.44
CA,Severe Storm,Medium-High,Weather,Short,2,42,2017,False,True,True,3,0,0,0,0,0,0.0,0.0,0,0.0,0.0,0.0
CA,Flood,High,Weather,Medium,5,57,2017,False,True,True,4,0,0,0,0,0,0.0,0.0,0,0.0,0.0,0.0
CA,Flood,High,Weather,Long,22,59,2017,False,True,True,4,7,2,1,1,14,0.3181818181818182,0.09090909090909091,1,32657.42,1721710.13,1721710.13
CA,Severe Storm,Medium-High,Weather,Short,3,83,2017,False,True,True,3,0,0,0,0,0,0.0,0.0,0,0.0,0.0,0.0
FL,Hurricane,Very High,Weather,Long,16,5,2017,True,True,True,5,14,4,2,3,56,0.875,0.25,1,421291.3,400242.74,400242.74
FL,Hurricane,Very High,Weather,Long,44,6,2017,True,True,True,5,813,58,2,4,47154,18.47727272727273,1.318181818181818,1,263383070.0,264113411.15,264113411.15
FL,Hurricane,Very High,Weather,Long,30,23,2017,True,True,True,5,8,2,2,1,16,0.2666666666666667,0.06666666666666667,1,36032.72,24006.0,24006.0
GA,Hurricane,Very High,Weather,Long,11,4,2017,True,True,True,5,39,8,1,3,312,3.545454545454545,0.7272727272727273,1,1321060.9,887125.9699999997,887125.9699999997
GA,Severe Storm,Medium-High,Weather,Short,0,23,2017,True,True,True,3,12,2,1,2,24,0.0,0.0,1,98924.836,107776.69,107776.69
GA,Tornado,Medium-High,Weather,Short,1,5,2017,True,True,True,3,8,1,1,2,8,8.0,1.0,1,504382.44,782876.14,782876.14
GA,Hurricane,Very High,Weather,Long,13,8,2017,True,True,True,5,120,25,2,3,3000,9.23076923076923,1.923076923076923,1,5201196.0,5661496.59,5661496.59
HI,Mud/Landslide,Medium,Unknown,Short,3,25,2017,False,True,True,2,0,0,0,0,0,0.0,0.0,0,0.0,0.0,0.0
IA,Flood,High,Weather,Long,12,40,2017,False,True,True,4,4,2,1,1,8,0.3333333333333333,0.1666666666666667,1,4828.122,3811.32,3811.32
IA,Severe Storm,Medium-High,Weather,Medium,4,39,2017,False,True,True,3,0,0,0,0,0,0.0,0.0,0,0.0,0.0,0.0
ID,Flood,High,Weather,Long,22,75,2017,False,True,True,4,3,1,1,1,3,0.1363636363636364,0.04545454545454546,1,1625.4943,1182.96,1182.96
ID,Flood,High,Weather,Long,22,73,2017,False,True,True,4,3,1,1,1,3,0.1363636363636364,0.04545454545454546,1,2522.1018,286.3600000000006,286.3600000000006
ID,Flood,High,Weather,Long,41,113,2017,False,True,True,4,0,0,0,0,0,0.0,0.0,0,0.0,0.0,0.0
KS,Severe Storm,Medium-High,Weather,Medium,10,48,2017,False,True,True,3,0,0,0,0,0,0.0,0.0,0,0.0,0.0,0.0
KS,Severe Ice Storm,Medium,Unknown,Short,3,42,2017,False,True,True,2,2,1,1,1,2,0.6666666666666666,0.3333333333333333,1,5413.6304,0.0,0.0
KS,Snowstorm,Medium,Weather,Medium,5,49,2017,False,True,True,2,2,1,1,1,2,0.4,0.2,0,0.0,0.0,0.0
LA,Tornado,Medium-High,Weather,Short,0,4,2017,True,False,True,3,0,0,0,0,0,0.0,0.0,0,0.0,0.0,0.0
MI,Severe Storm,Medium-High,Weather,Medium,5,41,2017,True,False,True,3,6,3,1,2,18,1.2,0.6,1,95200.85,107989.56,107989.56
MN,Flood,High,Weather,Short,3,42,2017,True,True,True,4,11,2,1,2,22,3.666666666666667,0.6666666666666666,1,362690.06,82894.57999999999,82894.57999999999
MO,Flood,High,Weather,Long,13,35,2017,True,True,True,4,35,6,1,2,210,2.692307692307693,0.4615384615384616,1,891436.94,835310.6,835310.6
MS,Tornado,Medium-High,Weather,Short,1,5,2017,True,True,True,3,2,1,1,1,2,2.0,1.0,1,6135.844,3814.349999999999,3814.349999999999
MS,Severe Storm,Medium-High,Weather,Short,0,22,2017,False,True,True,3,3,1,1,1,3,0.0,0.0,1,90318.445,112007.08,112007.08
NC,Hurricane,Very High,Weather,Long,20,6,2017,True,True,True,5,147,13,2,3,1911,7.35,0.65,1,8622928.0,7422635.47,7422635.47
ND,Flood,High,Weather,Long,37,111,2017,False,True,True,4,6,2,1,2,12,0.1621621621621622,0.05405405405405406,1,37203.72,22420.11,22420.11
NE,Severe Storm,Medium-High,Weather,Medium,4,58,2017,False,True,True,3,5,2,1,1,10,1.25,0.5,1,38806.918,33596.53,33596.53
NE,Severe Storm,Medium-High,Weather,Medium,5,50,2017,False,True,True,3,6,2,1,1,12,1.2,0.4,1,144558.69,147528.14,147528.14
NH,Severe Storm,Medium-High,Weather,Short,1,79,2017,False,True,True,3,0,0,0,0,0,0.0,0.0,0,0.0,0.0,0.0
NH,Severe Storm,Medium-High,Weather,Short,1,39,2017,False,True,True,3,0,0,0,0,0,0.0,0.0,0,0.0,0.0,0.0
NV,Severe Storm,Medium-High,Weather,Medium,9,43,2017,False,True,True,3,8,2,1,2,16,0.8888888888888888,0.2222222222222222,1,65437.26,139135.84,139135.84
NV,Severe Storm,Medium-High,Weather,Long,17,50,2017,False,True,True,3,4,1,1,1,4,0.2352941176470588,0.05882352941176471,1,21177.484,36192.2,36192.2
NY,Snowstorm,Medium,Weather,Short,1,120,2017,False,True,True,2,0,0,0,0,0,0.0,0.0,0,0.0,0.0,0.0
OK,Severe Storm,Medium-High,Weather,Short,3,28,2017,False,True,True,3,0,0,0,0,0,0.0,0.0,0,0.0,0.0,0.0
OK,Severe Storm,Medium-High,Weather,Medium,4,28,2017,False,True,True,3,15,2,1,1,30,3.75,0.5,1,1317424.9,2594238.88,2594238.88
OK,Tornado,Medium-High,Weather,Medium,4,70,2017,False,True,True,3,8,1,1,1,8,2.0,0.25,1,1512861.5,2059419.36,2059419.36
OR,Severe Storm,Medium-High,Weather,Short,3,42,2017,False,True,True,3,3,1,1,1,3,1.0,0.3333333333333333,1,2963.8909,1765.86,1765.86
OR,Severe Storm,Medium-High,Weather,Short,3,213,2017,False,True,True,3,3,1,1,1,3,1.0,0.3333333333333333,1,834.5182,769.53,769.53
PA,Flood,High,Weather,Short,1,43,2017,False,True,True,4,0,0,0,0,0,0.0,0.0,0,0.0,0.0,0.0
PR,Hurricane,Very High,Weather,Short,2,5,2017,True,True,True,5,106,19,2,4,2014,53.0,9.5,1,8017969.0,7100150.129999999,7100150.129999999
PR,Hurricane,Very High,Weather,Long,59,3,2017,True,True,True,5,1725,70,2,4,120750,29.23728813559322,1.186440677966102,1,3998206700.0,4379126247.42,4379126247.42
SC,Hurricane,Very High,Weather,Long,26,7,2017,True,True,True,5,52,9,2,3,468,2.0,0.3461538461538461,1,1594493.5,2993608.85,2993608.85
SD,Severe Storm,Medium-High,Weather,Short,2,39,2017,False,True,True,3,6,2,1,1,12,3.0,1.0,1,360470.75,1020736.64,1020736.64
TN,Fire,Medium,Unknown,Long,11,17,2017,True,True,True,2,18,6,2,3,108,1.636363636363636,0.5454545454545454,1,452677.66,331459.18,331459.18
TN,Severe Storm,Medium-High,Weather,Short,1,27,2017,False,True,True,3,0,0,0,0,0,0.0,0.0,0,0.0,0.0,0.0
TX,Hurricane,Very High,Weather,Long,23,2,2017,True,True,True,5,1083,58,2,4,62814,47.08695652173913,2.521739130434783,1,434122720.0,387655299.27,387655299.27
UT,Flood,High,Weather,Long,20,73,2017,False,True,True,4,0,0,0,0,0,0.0,0.0,0,0.0,0.0,0.0
VA,Hurricane,Very High,Weather,Medium,8,26,2017,True,True,True,5,13,2,1,2,26,1.625,0.25,1,163406.84,160794.76,160794.76
VI,Hurricane,Very High,Weather,Short,2,2,2017,True,True,True,5,244,20,2,4,4880,122.0,10.0,1,100222100.0,38704668.24,38704668.24
VI,Hurricane,Very High,Weather,Medium,6,4,2017,True,True,True,5,740,58,2,4,42920,123.3333333333333,9.666666666666666,1,281124860.0,301824837.5,301824837.5
VT,Severe Storm,Medium-High,Weather,Short,2,48,2017,False,True,True,3,0,0,0,0,0,0.0,0.0,0,0.0,0.0,0.0
WA,Flood,High,Weather,Long,23,81,2017,False,True,True,4,2,1,1,1,2,0.08695652173913043,0.04347826086956522,1,3655.061,3875.84,3875.84
WI,Flood,High,Weather,Short,1,29,2017,False,True,True,4,8,2,1,1,16,8.0,2.0,1,98430.49,51697.67999999999,51697.67999999999
WV,Severe Storm,Medium-High,Weather,Short,1,21,2017,True,True,True,3,11,3,1,1,33,11.0,3.0,1,66836.695,26676.13,26676.13
WY,Severe Storm,Medium-High,Weather,Short,1,43,2017,False,True,True,3,0,0,0,0,0,0.0,0.0,0,0.0,0.0,0.0
WY,Flood,High,Weather,Long,15,59,2017,False,True,True,4,0,0,0,0,0,0.0,0.0,0,0.0,0.0,0.0
AK,Severe Storm,Medium-High,Weather,Short,2,83,2018,False,True,True,3,2,1,1,1,2,1.0,0.5,1,3944.8486,4672.32,4672.32
AK,Coastal Storm,High,Weather,Short,0,186,2018,False,True,True,4,0,0,0,0,0,0.0,0.0,0,0.0,0.0,0.0
AK,Flood,High,Weather,Short,2,117,2018,False,True,True,4,0,0,0,0,0,0.0,0.0,0,0.0,0.0,0.0
AL,Hurricane,Very High,Weather,Medium,4,41,2018,False,True,True,5,0,0,0,0,0,0.0,0.0,0,0.0,0.0,0.0
AL,Severe Storm,Medium-High,Weather,Short,1,38,2018,True,True,True,3,7,2,1,1,14,7.0,2.0,1,145284.56,201660.26,201660.26
AS,Hurricane,Very High,Weather,Medium,5,23,2018,True,True,True,5,19,6,2,3,114,3.8,1.2,0,0.0,0.0,-40403.1
AZ,Flood,High,Weather,Short,1,51,2018,False,True,True,4,0,0,0,0,0,0.0,0.0,0,0.0,0.0,0.0
CA,Fire,Medium,Unknown,Long,23,2,2018,True,True,True,2,193,20,2,4,3860,8.391304347826088,0.8695652173913043,1,410787940.0,749213812.41,749213812.41
CA,Fire,Medium,Unknown,Long,58,29,2018,True,True,True,2,39,9,2,4,351,0.6724137931034483,0.1551724137931035,1,2611696.0,68493443.23,68493443.23
CA,Fire,Medium,Unknown,Long,58,12,2018,True,True,True,2,43,16,1,2,688,0.7413793103448276,0.2758620689655172,1,369788.5,210464.36,210464.36
CT,Tornado,Medium-High,Weather,Short,0,97,2018,False,True,True,3,2,1,1,1,2,0.0,0.0,1,27719.621,0.0,0.0
HI,Flood,High,Weather,Short,3,25,2018,True,True,True,4,5,1,1,1,5,1.666666666666667,0.3333333333333333,1,57889.777,102651.43,102651.43
HI,Volcanic Eruption,Medium,Unknown,Long,106,8,2018,True,True,True,2,114,20,2,4,2280,1.075471698113208,0.1886792452830189,1,5632744.0,4915681.649999999,4915681.649999999
HI,Hurricane,Very High,Weather,Medium,7,36,2018,False,True,True,5,0,0,0,0,0,0.0,0.0,0,0.0,0.0,0.0
IA,Severe Storm,Medium-High,Weather,Long,26,75,2018,False,True,True,3,6,2,1,1,12,0.2307692307692308,0.07692307692307693,1,5353.402,3055.97,3055.97
IA,Severe Storm,Medium-High,Weather,Short,0,55,2018,False,True,True,3,0,0,0,0,0,0.0,0.0,0,0.0,0.0,0.0
ID,Flood,High,Weather,Long,78,192,2018,False,True,True,4,0,0,0,0,0,0.0,0.0,0,0.0,0.0,0.0
IN,Flood,High,Weather,Long,18,79,2018,True,True,True,4,11,3,1,1,33,0.6111111111111112,0.1666666666666667,1,708651.0,816581.02,816581.02
KS,Severe Storm,Medium-High,Weather,Medium,5,108,2018,False,True,True,3,0,0,0,0,0,0.0,0.0,0,0.0,0.0,0.0
KY,Flood,High,Weather,Medium,5,62,2018,False,True,True,4,4,1,1,1,4,0.8,0.2,1,633409.1,1018002.83,1018002.83
KY,Flood,High,Weather,Long,28,64,2018,False,True,True,4,0,0,0,0,0,0.0,0.0,0,0.0,0.0,0.0
LA,Hurricane,Very High,Weather,Long,13,49,2018,False,True,True,5,0,0,0,0,0,0.0,0.0,0,0.0,0.0,0.0
MA,Severe Storm,Medium-High,Weather,Short,1,115,2018,False,True,True,3,18,2,1,1,36,18.0,2.0,1,174611.4,236987.22,236987.22
MA,Snowstorm,Medium,Weather,Short,1,128,2018,False,True,True,2,10,2,1,1,20,10.0,2.0,1,26435.926,260036.53,260036.53
MD,Severe Storm,Medium-High,Weather,Medium,4,41,2018,False,True,True,3,0,0,0,0,0,0.0,0.0,0,0.0,0.0,0.0
MD,Flood,High,Weather,Short,1,36,2018,False,True,True,4,0,0,0,0,0,0.0,0.0,0,0.0,0.0,0.0
ME,Severe Storm,Medium-High,Weather,Short,3,65,2018,False,True,True,3,22,3,1,1,66,7.333333333333333,1.0,1,207029.34,142045.4,142045.4
ME,Coastal Storm,High,Weather,Medium,6,89,2018,False,True,True,4,6,1,1,1,6,1.0,0.1666666666666667,0,0.0,0.0,0.0
MI,Flood,High,Weather,Short,2,47,2018,False,True,True,4,3,1,1,1,3,1.5,0.5,1,34376.613,256964.36,256964.36
MN,Flood,High,Weather,Long,27,82,2018,False,True,True,4,20,4,1,1,80,0.7407407407407407,0.1481481481481481,1,1632637.4,1470774.28,1470774.28
MP,Typhoon,Medium,Unknown,Short,1,19,2018,True,True,True,2,7,3,2,2,21,7.0,3.0,1,4035.526,2633.130000000005,2633.130000000005
MS,Hurricane,Very High,Weather,Medium,4,47,2018,False,True,True,5,0,0,0,0,0,0.0,0.0,0,0.0,0.0,0.0
MT,Flood,High,Weather,Long,24,140,2018,False,True,True,4,0,0,0,0,0,0.0,0.0,0,0.0,0.0,0.0
NC,Severe Storm,Medium-High,Weather,Short,0,23,2018,True,False,True,3,2,1,1,1,2,0.0,0.0,0,0.0,0.0,0.0
NC,Hurricane,Very High,Weather,Long,22,7,2018,True,True,True,5,393,28,2,4,11004,17.86363636363636,1.272727272727273,1,67256170.0,58419404.46000001,58419404.46000001
NE,Snowstorm,Medium,Weather,Medium,5,77,2018,False,True,True,2,0,0,0,0,0,0.0,0.0,0,0.0,0.0,0.0
NE,Severe Storm,Medium-High,Weather,Long,14,71,2018,False,True,True,3,0,0,0,0,0,0.0,0.0,0,0.0,0.0,0.0
NH,Severe Storm,Medium-High,Weather,Short,3,65,2018,False,True,True,3,14,3,1,1,42,4.666666666666667,1.0,1,238768.3,355701.06,355701.06
NH,Coastal Storm,High,Weather,Medium,6,98,2018,False,True,True,4,7,1,1,1,7,1.166666666666667,0.1666666666666667,1,59602.473,61121.37,61121.37
NH,Snowstorm,Medium,Weather,Short,1,87,2018,False,True,True,2,7,1,1,1,7,7.0,1.0,1,7014.8457,0.0,0.0
NJ,Severe Storm,Medium-High,Weather,Short,1,94,2018,False,True,True,3,0,0,0,0,0,0.0,0.0,0,0.0,0.0,0.0
NM,Flood,High,Weather,Short,2,77,2018,False,True,True,4,10,1,2,1,10,5.0,0.5,1,102883.26,87557.7,87557.7
NY,Flood,High,Weather,Long,96,196,2018,False,True,True,4,0,0,0,0,0,0.0,0.0,0,0.0,0.0,0.0
OH,Flood,High,Weather,Long,11,62,2018,False,True,True,4,18,3,1,2,54,1.636363636363636,0.2727272727272727,1,3154097.8,3306526.47,3306526.47
OK,Fire,Medium,Unknown,Medium,9,75,2018,False,True,True,2,0,0,0,0,0,0.0,0.0,0,0.0,0.0,0.0
SC,Hurricane,Very High,Weather,Medium,7,40,2018,False,True,True,5,15,4,1,2,60,2.142857142857143,0.5714285714285714,1,224612.39,168513.87,168513.87
SC,Hurricane,Very High,Weather,Long,30,8,2018,True,True,True,5,157,21,2,3,3297,5.233333333333333,0.7,1,6593344.5,5761599.48,5761599.48
TX,Flood,High,Weather,Long,24,17,2018,True,False,True,4,21,3,2,2,63,0.875,0.125,1,321800.5,277474.03,277474.03
VT,Severe Storm,Medium-High,Weather,Short,1,65,2018,False,True,True,3,13,3,1,1,39,13.0,3.0,1,15132.04,10079.03,10079.03
VT,Severe Storm,Medium-High,Weather,Short,1,87,2018,False,True,True,3,0,0,0,0,0,0.0,0.0,0,0.0,0.0,0.0
WA,Flood,High,Weather,Long,23,104,2018,False,True,True,4,0,0,0,0,0,0.0,0.0,0,0.0,0.0,0.0
WI,Severe Storm,Medium-High,Weather,Medium,4,80,2018,False,True,True,3,0,0,0,0,0,0.0,0.0,0,0.0,0.0,0.0
WI,Flood,High,Weather,Medium,4,56,2018,False,True,True,4,14,4,1,1,56,3.5,1.0,1,808836.6,703845.2600000001,703845.2600000001
WV,Mud/Landslide,Medium,Unknown,Medium,6,62,2018,False,True,True,2,15,3,1,2,45,2.5,0.5,1,1125788.6,657516.96,657516.96
WV,Severe Storm,Medium-High,Weather,Medium,6,45,2018,False,True,True,3,0,0,0,0,0,0.0,0.0,0,0.0,0.0,0.0
AK,Earthquake,Very High,Geological,Short,0,62,2019,True,True,True,5,36,6,1,1,216,0.0,0.0,1,4222324.5,5197162.96,5197162.96
AL,Hurricane,Very High,Weather,Short,3,26,2019,False,True,True,5,0,0,0,0,0,0.0,0.0,0,0.0,0.0,0.0
AL,Tornado,Medium-High,Weather,Short,0,2,2019,True,True,True,3,8,3,1,1,24,0.0,0.0,1,28996.621,18619.31000000001,18619.31000000001
AL,Severe Storm,Medium-High,Weather,Long,29,57,2019,False,True,True,3,0,0,0,0,0,0.0,0.0,0,0.0,0.0,0.0
AR,Flood,High,Weather,Long,24,18,2019,True,True,True,4,19,6,1,2,114,0.7916666666666666,0.25,1,1182253.8,1408887.66,1408887.66
AR,Flood,High,Weather,Short,1,82,2019,False,True,True,4,0,0,0,0,0,0.0,0.0,0,0.0,0.0,0.0
AZ,Severe Storm,Medium-High,Weather,Short,2,60,2019,False,True,True,3,0,0,0,0,0,0.0,0.0,0,0.0,0.0,0.0
AZ,Severe Storm,Medium-High,Weather,Short,3,89,2019,False,True,True,3,0,0,0,0,0,0.0,0.0,0,0.0,0.0,0.0
CA,Fire,Medium,Unknown,Long,17,4,2019,True,True,True,2,250,23,2,3,5750,14.70588235294118,1.352941176470588,1,73697010.0,60581971.65000001,60581971.65000001
CA,Severe Storm,Medium-High,Weather,Short,1,40,2019,False,True,True,3,0,0,0,0,0,0.0,0.0,0,0.0,0.0,0.0
CA,Severe Storm,Medium-High,Weather,Short,0,42,2019,False,True,True,3,0,0,0,0,0,0.0,0.0,0,0.0,0.0,0.0
CA,Severe Storm,Medium-High,Weather,Short,1,53,2019,False,True,True,3,0,0,0,0,0,0.0,0.0,0,0.0,0.0,0.0
CA,Severe Storm,Medium-High,Weather,Short,2,77,2019,False,True,True,3,2,1,1,1,2,1.0,0.5,1,3496.9692,315991.4199999999,315991.4199999999
CA,Severe Storm,Medium-High,Weather,Medium,5,82,2019,False,True,True,3,0,0,0,0,0,0.0,0.0,0,0.0,0.0,0.0
CT,Severe Storm,Medium-High,Weather,Short,1,71,2019,False,True,True,3,0,0,0,0,0,0.0,0.0,0,0.0,0.0,0.0
FL,Hurricane,Very High,Weather,Long,12,4,2019,True,True,True,5,412,28,2,4,11536,34.33333333333334,2.333333333333333,1,122149490.0,139750752.32,139750752.32
GA,Hurricane,Very High,Weather,Long,14,5,2019,True,True,True,5,45,9,2,2,405,3.214285714285714,0.6428571428571429,1,68497570.0,160080249.93,160080249.93
GU,Typhoon,Medium,Unknown,Short,1,21,2019,False,True,True,2,0,0,0,0,0,0.0,0.0,0,0.0,0.0,0.0
GU,Typhoon,Medium,Unknown,Short,2,73,2019,False,True,True,2,0,0,0,0,0,0.0,0.0,0,0.0,0.0,0.0
IA,Flood,High,Weather,Long,95,11,2019,True,True,True,4,54,10,2,2,540,0.5684210526315789,0.1052631578947368,1,3748124.5,4462158.12,4462158.12
IA,Flood,High,Weather,Long,19,47,2019,False,True,True,4,0,0,0,0,0,0.0,0.0,0,0.0,0.0,0.0
ID,Flood,High,Weather,Medium,6,66,2019,False,True,True,4,0,0,0,0,0,0.0,0.0,0,0.0,0.0,0.0
IL,Flood,High,Weather,Long,129,207,2019,False,True,True,4,13,4,1,2,52,0.1007751937984496,0.0310077519379845,1,473297.72,2085616.95,2085616.95
KS,Severe Storm,Medium-High,Weather,Medium,7,48,2019,False,True,True,3,0,0,0,0,0,0.0,0.0,0,0.0,0.0,0.0
KS,Severe Storm,Medium-High,Weather,Long,11,144,2019,False,True,True,3,0,0,0,0,0,0.0,0.0,0,0.0,0.0,0.0
KS,Severe Storm,Medium-High,Weather,Long,75,53,2019,False,True,True,3,0,0,0,0,0,0.0,0.0,0,0.0,0.0,0.0
KY,Severe Storm,Medium-High,Weather,Long,32,70,2019,False,True,True,3,9,3,1,1,27,0.28125,0.09375,1,649666.1,652582.69,652582.69
LA,Severe Storm,Medium-High,Weather,Short,1,40,2019,False,True,True,3,2,1,1,1,2,2.0,1.0,0,0.0,0.0,0.0
LA,Hurricane,Very High,Weather,Medium,5,48,2019,False,True,True,5,0,0,0,0,0,0.0,0.0,0,0.0,0.0,0.0
LA,Flood,High,Weather,Long,75,132,2019,False,True,True,4,0,0,0,0,0,0.0,0.0,0,0.0,0.0,0.0
MN,Flood,High,Weather,Short,2,115,2019,False,True,True,4,4,1,1,1,4,2.0,0.5,1,24047.082,19799.89,19799.89
MN,Flood,High,Weather,Long,47,92,2019,False,True,True,4,15,4,1,2,60,0.3191489361702128,0.0851063829787234,1,1440039.1,2290961.35,2290961.35
MO,Flood,High,Weather,Long,36,70,2019,False,True,True,4,8,2,2,1,16,0.2222222222222222,0.05555555555555555,1,457082.94,903462.62,903462.62
MO,Severe Storm,Medium-High,Weather,Long,67,71,2019,True,True,True,3,45,12,2,2,540,0.6716417910447762,0.1791044776119403,1,1422119.8,1108234.31,1108234.31
MP,Typhoon,Medium,Unknown,Short,2,2,2019,True,True,True,2,296,20,2,4,5920,148.0,10.0,1,81537350.0,74289089.84,74289089.84
MS,Severe Storm,Medium-High,Weather,Short,1,49,2019,False,True,True,3,0,0,0,0,0,0.0,0.0,0,0.0,0.0,0.0
MS,Severe Storm,Medium-High,Weather,Long,182,60,2019,True,True,True,3,14,2,1,1,28,0.07692307692307693,0.01098901098901099,1,776731.25,27797.37,27797.37
MS,Severe Storm,Medium-High,Weather,Short,1,68,2019,False,True,True,3,0,0,0,0,0,0.0,0.0,0,0.0,0.0,0.0
MT,Flood,High,Weather,Long,40,183,2019,False,True,True,4,0,0,0,0,0,0.0,0.0,0,0.0,0.0,0.0
MT,Flood,High,Weather,Long,21,65,2019,False,True,True,4,0,0,0,0,0,0.0,0.0,0,0.0,0.0,0.0
NC,Hurricane,Very High,Weather,Short,2,113,2019,False,True,True,5,13,2,1,1,26,6.5,1.0,1,123578.73,97187.5,97187.5
ND,Flood,High,Weather,Long,38,83,2019,False,True,True,4,0,0,0,0,0,0.0,0.0,0,0.0,0.0,0.0
NE,Flood,High,Weather,Long,127,12,2019,True,True,True,4,95,12,2,2,1140,0.7480314960629921,0.09448818897637795,1,10458500.0,11449573.25,11449573.25
NE,Flood,High,Weather,Long,19,96,2019,False,True,True,4,4,1,1,1,4,0.2105263157894737,0.05263157894736842,1,53747.125,50799.88,50799.88
NH,Severe Storm,Medium-High,Weather,Short,1,35,2019,False,True,True,3,0,0,0,0,0,0.0,0.0,0,0.0,0.0,0.0
NY,Flood,High,Weather,Short,2,49,2019,False,True,True,4,0,0,0,0,0,0.0,0.0,0,0.0,0.0,0.0
OH,Flood,High,Weather,Medium,8,62,2019,False,True,True,4,11,3,1,2,33,1.375,0.375,1,1194105.1,1323556.17,1323556.17
OH,Tornado,Medium-High,Weather,Short,2,22,2019,True,True,True,3,12,3,1,2,36,6.0,1.5,1,339228.53,370101.42,370101.42
OK,Severe Storm,Medium-High,Weather,Long,33,25,2019,True,True,True,3,36,7,1,2,252,1.090909090909091,0.2121212121212121,1,2269979.0,2736014.07,2736014.07
OK,Severe Storm,Medium-High,Weather,Short,1,73,2019,False,True,True,3,0,0,0,0,0,0.0,0.0,0,0.0,0.0,0.0
OK,Severe Storm,Medium-High,Weather,Long,33,92,2019,False,True,True,3,0,0,0,0,0,0.0,0.0,0,0.0,0.0,0.0
OR,Severe Storm,Medium-High,Weather,Short,3,68,2019,False,True,True,3,18,4,1,1,72,6.0,1.333333333333333,1,569251.8,555614.71,555614.71
OR,Flood,High,Weather,Long,15,94,2019,False,True,True,4,4,1,1,2,4,0.2666666666666667,0.06666666666666667,1,4741.1406,20309.26,20309.26
PA,Severe Storm,Medium-High,Weather,Medium,5,109,2019,False,True,True,3,16,4,1,1,64,3.2,0.8,1,796401.56,765152.25,765152.25
SC,Hurricane,Very High,Weather,Medium,6,30,2019,False,True,True,5,5,1,1,2,5,0.8333333333333334,0.1666666666666667,1,5070.8154,5052.17,5052.17
SD,Flood,High,Weather,Long,44,86,2019,True,True,True,4,23,5,1,2,115,0.5227272727272727,0.1136363636363636,1,515105.12,2102279.9,2102279.9
SD,Severe Storm,Medium-High,Weather,Long,13,99,2019,False,True,True,3,0,0,0,0,0,0.0,0.0,0,0.0,0.0,0.0
SD,Flood,High,Weather,Long,17,125,2019,False,True,True,4,0,0,0,0,0,0.0,0.0,0,0.0,0.0,0.0
TN,Flood,High,Weather,Long,39,57,2019,False,True,True,4,9,2,1,2,18,0.2307692307692308,0.05128205128205128,1,16940.865,7523.880000000005,7523.880000000005
TX,Flood,High,Weather,Long,53,168,2019,False,True,True,4,3,1,1,1,3,0.05660377358490566,0.01886792452830189,1,513136.06,736916.44,736916.44
TX,Flood,High,Weather,Short,1,23,2019,True,False,True,4,3,1,1,1,3,3.0,1.0,0,0.0,0.0,0.0
VA,Hurricane,Very High,Weather,Long,13,37,2019,False,True,True,5,12,2,1,1,24,0.9230769230769231,0.1538461538461539,1,137687.92,134642.39,134642.39
VA,Hurricane,Very High,Weather,Medium,7,70,2019,False,True,True,5,0,0,0,0,0,0.0,0.0,0,0.0,0.0,0.0
VT,Flood,High,Weather,Short,0,60,2019,False,True,True,4,14,2,1,1,28,0.0,0.0,1,135541.75,119184.49,119184.49
WA,Severe Storm,Medium-High,Weather,Long,14,84,2019,False,True,True,3,0,0,0,0,0,0.0,0.0,0,0.0,0.0,0.0
WI,Flood,High,Weather,Long,28,62,2019,True,True,True,4,18,4,1,2,72,0.6428571428571429,0.1428571428571428,1,1697046.2,1517195.26,1517195.26
WI,Flood,High,Weather,Short,2,40,2019,False,True,True,4,20,5,1,2,100,10.0,2.5,1,901813.3,1475289.15,1475289.15
WV,Flood,High,Weather,Short,1,34,2019,False,True,True,4,0,0,0,0,0,0.0,0.0,0,0.0,0.0,0.0
AK,Biological,Medium,Unknown,Long,1207,80,2020,True,True,True,2,128,11,2,4,1408,0.1060480530240265,0.009113504556752278,1,21821972.0,13667603.58,13667603.58
AL,Biological,Medium,Unknown,Long,1207,69,2020,True,True,True,2,94,12,2,4,1128,0.07787903893951947,0.009942004971002486,1,33518948.0,33657741.17,33657741.17
AL,Severe Storm,Medium-High,Weather,Long,30,106,2020,False,True,True,3,0,0,0,0,0,0.0,0.0,0,0.0,0.0,0.0
AL,Severe Storm,Medium-High,Weather,Short,0,82,2020,False,True,True,3,0,0,0,0,0,0.0,0.0,0,0.0,0.0,0.0
AL,Severe Storm,Medium-High,Weather,Short,1,89,2020,False,True,True,3,0,0,0,0,0,0.0,0.0,0,0.0,0.0,0.0
AL,Hurricane,Very High,Weather,Short,2,6,2020,True,True,True,5,31,7,1,2,217,15.5,3.5,1,1397617.1,1255865.0,1255865.0
AR,Biological,Medium,Unknown,Long,1207,74,2020,True,True,True,2,69,10,2,4,690,0.05716652858326429,0.008285004142502071,1,9993266.0,6156486.13,6156486.13
AR,Tornado,Medium-High,Weather,Short,0,41,2020,False,True,True,3,0,0,0,0,0,0.0,0.0,0,0.0,0.0,0.0
AR,Tornado,Medium-High,Weather,Short,0,89,2020,False,True,True,3,0,0,0,0,0,0.0,0.0,0,0.0,0.0,0.0
AS,Biological,Medium,Unknown,Long,1207,88,2020,True,True,True,2,96,10,2,3,960,0.07953603976801989,0.008285004142502071,1,2287848.0,1553535.97,1553535.97
AZ,Biological,Medium,Unknown,Long,1207,75,2020,True,True,True,2,184,15,2,4,2760,0.1524440762220381,0.01242750621375311,1,117738060.0,132541887.51,132541887.51
CA,Biological,Medium,Unknown,Long,1207,62,2020,True,True,True,2,519,33,2,4,17127,0.4299917149958575,0.02734051367025684,1,438966980.0,443662152.0,443662152.0
CA,Fire,Medium,Unknown,Long,43,8,2020,True,True,True,2,122,22,2,2,2684,2.837209302325582,0.5116279069767442,1,7694798.5,25942056.76,25942056.76
CO,Biological,Medium,Unknown,Long,1207,68,2020,True,True,True,2,144,22,2,4,3168,0.1193040596520298,0.01822700911350456,1,67655656.0,73238882.64999999,73238882.64999999
CT,Biological,Medium,Unknown,Long,1207,68,2020,True,True,True,2,93,6,1,4,558,0.07705053852526926,0.004971002485501243,1,60676224.0,61282712.14,61282712.14
DC,Biological,Medium,Unknown,Long,1207,69,2020,True,True,True,2,27,6,1,4,162,0.02236951118475559,0.004971002485501243,1,21579588.0,32217383.0,32217383.0
DE,Biological,Medium,Unknown,Long,1207,76,2020,True,True,True,2,112,14,2,3,1568,0.0927920463960232,0.0115990057995029,1,28287816.0,26434640.6,26434640.6
FL,Hurricane,Very High,Weather,Long,12,54,2020,False,True,True,5,19,5,1,2,95,1.583333333333333,0.4166666666666667,1,311097.03,312582.2,312582.2
FL,Biological,Medium,Unknown,Long,1207,65,2020,True,True,True,2,181,14,2,4,2534,0.1499585749792875,0.0115990057995029,1,155528130.0,228108049.82,228108049.82
FL,Biological,Medium,Unknown,Long,1207,109,2020,False,True,True,2,0,0,0,0,0,0.0,0.0,0,0.0,0.0,0.0
FL,Hurricane,Very High,Weather,Long,14,9,2020,True,True,True,5,47,10,2,2,470,3.357142857142857,0.7142857142857143,1,1206120.2,1152366.59,1152366.59
GA,Biological,Medium,Unknown,Long,1207,69,2020,True,True,True,2,69,4,2,4,276,0.05716652858326429,0.003314001657000828,1,161567650.0,173025887.28,173025887.28
GU,Biological,Medium,Unknown,Long,1207,67,2020,True,True,True,2,185,10,2,4,1850,0.1532725766362883,0.008285004142502071,1,172381630.0,39953175.92,39953175.92
HI,Biological,Medium,Unknown,Long,1207,72,2020,True,True,True,2,159,13,2,4,2067,0.1317315658657829,0.01077050538525269,1,151967920.0,167133392.28,167133392.28
HI,Severe Storm,Medium-High,Weather,Short,1,104,2020,False,True,True,3,0,0,0,0,0,0.0,0.0,0,0.0,0.0,0.0
IA,Biological,Medium,Unknown,Long,1207,63,2020,True,True,True,2,72,11,2,4,792,0.05965202982601491,0.009113504556752278,1,33131284.0,32701100.05,32701100.05
IA,Severe Storm,Medium-High,Weather,Short,0,7,2020,True,True,True,3,23,9,2,2,207,0.0,0.0,1,391108.7,328238.36,328238.36
IA,Severe Storm,Medium-High,Weather,Short,0,31,2020,False,True,True,3,0,0,0,0,0,0.0,0.0,0,0.0,0.0,0.0
ID,Biological,Medium,Unknown,Long,1207,80,2020,True,True,True,2,102,13,1,4,1326,0.08450704225352113,0.01077050538525269,1,22644264.0,23957339.96,23957339.96
IL,Biological,Medium,Unknown,Long,1207,66,2020,True,True,True,2,292,44,2,3,12848,0.2419221209610605,0.03645401822700911,1,208468050.0,256692086.27,256692086.27
IN,Biological,Medium,Unknown,Long,1207,74,2020,True,True,True,2,110,8,2,4,880,0.09113504556752279,0.006628003314001657,1,140417120.0,212959027.33,212959027.33
KS,Biological,Medium,Unknown,Long,1207,69,2020,True,True,True,2,61,10,2,3,610,0.05053852526926263,0.008285004142502071,1,6254120.5,25163842.11,25163842.11
KY,Biological,Medium,Unknown,Long,1207,68,2020,True,True,True,2,98,8,2,4,784,0.0811930405965203,0.006628003314001657,1,64761960.0,56179027.44,56179027.44
KY,Severe Storm,Medium-High,Weather,Long,26,81,2020,False,True,True,3,0,0,0,0,0,0.0,0.0,0,0.0,0.0,0.0
LA,Biological,Medium,Unknown,Long,1207,64,2020,True,True,True,2,181,12,2,4,2172,0.1499585749792875,0.009942004971002486,1,173099900.0,171808988.2,171808988.2
LA,Hurricane,Very High,Weather,Medium,5,6,2020,True,True,True,5,277,36,2,4,9972,55.4,7.2,1,99724220.0,113317415.42,113317415.42
MA,Biological,Medium,Unknown,Long,1207,67,2020,True,True,True,2,185,18,2,4,3330,0.1532725766362883,0.01491300745650373,1,121749180.0,100616287.88,100616287.88
MD,Biological,Medium,Unknown,Long,1207,66,2020,True,True,True,2,239,26,2,4,6214,0.1980115990057995,0.02154101077050538,1,129642616.0,150435040.94,150435040.94
ME,Biological,Medium,Unknown,Long,1207,75,2020,True,True,True,2,121,17,2,4,2057,0.1002485501242751,0.01408450704225352,1,36557060.0,22398223.66,22398223.66
MI,Biological,Medium,Unknown,Long,1207,67,2020,True,True,True,2,210,19,2,4,3990,0.1739850869925435,0.01574150787075394,1,141807820.0,132474100.1,132474100.1
MI,Dam/Levee Break,Medium,Unknown,Medium,6,54,2020,True,True,True,2,7,3,2,2,21,1.166666666666667,0.5,1,84120.164,87331.04,87331.04
MN,Biological,Medium,Unknown,Long,1207,78,2020,True,True,True,2,119,15,2,4,1785,0.09859154929577464,0.01242750621375311,1,36117652.0,39206321.62,39206321.62
MO,Biological,Medium,Unknown,Long,1207,66,2020,True,True,True,2,175,30,2,4,5250,0.1449875724937862,0.02485501242750621,1,103023736.0,83230255.52,83230255.52
MO,Severe Storm,Medium-High,Weather,Short,1,67,2020,False,True,True,3,0,0,0,0,0,0.0,0.0,0,0.0,0.0,0.0
MP,Biological,Medium,Unknown,Long,1207,72,2020,True,True,True,2,59,8,2,4,472,0.04888152444076222,0.006628003314001657,1,756810.9,508355.2700000001,508355.2700000001
MS,Severe Storm,Medium-High,Weather,Short,0,41,2020,False,True,True,3,0,0,0,0,0,0.0,0.0,0,0.0,0.0,0.0
MS,Severe Storm,Medium-High,Weather,Short,1,62,2020,False,True,True,3,0,0,0,0,0,0.0,0.0,0,0.0,0.0,0.0
MS,Biological,Medium,Unknown,Long,1207,76,2020,True,True,True,2,102,7,2,4,714,0.08450704225352113,0.00579950289975145,1,90566090.0,113305767.73,113305767.73
MS,Severe Storm,Medium-High,Weather,Short,0,4,2020,True,True,True,3,12,3,1,2,36,0.0,0.0,1,172468.52,255298.16,255298.16
MS,Severe Storm,Medium-High,Weather,Medium,8,73,2020,False,True,True,3,0,0,0,0,0,0.0,0.0,0,0.0,0.0,0.0
MS,Severe Storm,Medium-High,Weather,Short,1,78,2020,False,True,True,3,0,0,0,0,0,0.0,0.0,0,0.0,0.0,0.0
MT,Biological,Medium,Unknown,Long,1207,71,2020,True,True,True,2,78,8,1,4,624,0.06462303231151616,0.006628003314001657,1,26120620.0,23265542.96,23265542.96
NC,Hurricane,Very High,Weather,Medium,8,33,2020,False,True,True,5,26,6,2,3,156,3.25,0.75,1,624491.2,662959.64,662959.64
NC,Biological,Medium,Unknown,Long,1207,65,2020,True,True,True,2,114,12,2,4,1368,0.09444904722452362,0.009942004971002486,1,76320904.0,89598834.89,89598834.89
NC,Severe Storm,Medium-High,Weather,Long,13,92,2020,False,True,True,3,10,4,1,1,40,0.7692307692307693,0.3076923076923077,1,300242.34,297743.32,297743.32
ND,Flood,High,Weather,Long,17,104,2020,False,True,True,4,0,0,0,0,0,0.0,0.0,0,0.0,0.0,0.0
ND,Biological,Medium,Unknown,Long,1207,72,2020,True,True,True,2,60,5,1,4,300,0.04971002485501243,0.004142502071251036,1,34977196.0,35215013.14,35215013.14
ND,Flood,High,Weather,Long,24,99,2020,False,True,True,4,0,0,0,0,0,0.0,0.0,0,0.0,0.0,0.0
NE,Biological,Medium,Unknown,Long,1207,75,2020,True,True,True,2,60,10,2,4,600,0.04971002485501243,0.008285004142502071,1,17173600.0,15583760.75,15583760.75
NH,Biological,Medium,Unknown,Long,1207,74,2020,True,True,True,2,87,8,2,4,696,0.07207953603976802,0.006628003314001657,1,35875770.0,57057294.13,57057294.13
NJ,Biological,Medium,Unknown,Long,1207,65,2020,True,True,True,2,333,39,2,4,12987,0.275890637945319,0.03231151615575808,1,159343970.0,147545916.46,147545916.46
NM,Biological,Medium,Unknown,Long,1207,76,2020,True,True,True,2,133,10,2,4,1330,0.1101905550952775,0.008285004142502071,1,61276108.0,57213271.01,57213271.01
NV,Biological,Medium,Unknown,Long,1207,75,2020,True,True,True,2,125,21,2,4,2625,0.1035625517812759,0.01739850869925435,1,63042284.0,53794173.49,53794173.49
NY,Severe Storm,Medium-High,Weather,Short,1,49,2020,False,True,True,3,0,0,0,0,0,0.0,0.0,0,0.0,0.0,0.0
NY,Biological,Medium,Unknown,Long,1207,60,2020,True,True,True,2,366,33,2,4,12078,0.3032311516155758,0.02734051367025684,1,709380000.0,796098441.5899999,796098441.5899999
OH,Biological,Medium,Unknown,Long,1207,71,2020,True,True,True,2,125,11,2,3,1375,0.1035625517812759,0.009113504556752278,1,108090750.0,121561963.28,121561963.28
OK,Biological,Medium,Unknown,Long,1207,76,2020,True,True,True,2,101,12,2,4,1212,0.08367854183927093,0.009942004971002486,1,34442280.0,31904214.16,31904214.16
OR,Biological,Medium,Unknown,Long,1207,68,2020,True,True,True,2,201,31,2,4,6231,0.1665285832642916,0.02568351284175642,1,101167220.0,86565324.17,86565324.17
OR,Flood,High,Weather,Medium,4,58,2020,True,True,True,4,0,0,0,0,0,0.0,0.0,0,0.0,0.0,0.0
OR,Fire,Medium,Unknown,Long,57,8,2020,True,True,True,2,247,35,2,4,8645,4.333333333333333,0.6140350877192983,1,139818480.0,33399013.32,33399013.32
PA,Biological,Medium,Unknown,Long,1207,70,2020,True,True,True,2,289,35,2,4,10115,0.2394366197183098,0.02899751449875725,1,84051690.0,66625103.76000001,66625103.76000001
PR,Earthquake,Very High,Geological,Long,188,19,2020,True,True,True,5,86,19,2,3,1634,0.4574468085106383,0.101063829787234,1,5925225.0,5107370.829999999,5107370.829999999
PR,Biological,Medium,Unknown,Long,1207,67,2020,True,True,True,2,78,10,2,4,780,0.06462303231151616,0.008285004142502071,1,74019470.0,102640409.76,102640409.76
PR,Hurricane,Very High,Weather,Short,2,42,2020,True,False,True,5,0,0,0,0,0,0.0,0.0,0,0.0,0.0,0.0
RI,Biological,Medium,Unknown,Long,1207,70,2020,True,True,True,2,223,36,2,4,8028,0.1847555923777962,0.02982601491300746,1,91824536.0,80457579.87,80457579.87
SC,Severe Storm,Medium-High,Weather,Medium,7,40,2020,False,True,True,3,0,0,0,0,0,0.0,0.0,0,0.0,0.0,0.0
SC,Biological,Medium,Unknown,Long,1207,67,2020,True,True,True,2,87,8,2,4,696,0.07207953603976802,0.006628003314001657,1,36075790.0,86432359.77,86432359.77
SC,Severe Storm,Medium-High,Weather,Short,1,19,2020,True,True,True,3,0,0,0,0,0,0.0,0.0,0,0.0,0.0,0.0
SD,Severe Storm,Medium-High,Weather,Long,21,99,2020,False,True,True,3,0,0,0,0,0,0.0,0.0,0,0.0,0.0,0.0
SD,Severe Storm,Medium-High,Weather,Long,17,70,2020,True,True,True,3,0,0,0,0,0,0.0,0.0,0,0.0,0.0,0.0
SD,Biological,Medium,Unknown,Long,1207,76,2020,True,True,True,2,54,5,1,3,270,0.04473902236951118,0.004142502071251036,1,8774521.0,8379672.27,8379672.27
TN,Severe Storm,Medium-High,Weather,Short,0,41,2020,False,True,True,3,7,1,1,2,7,0.0,0.0,1,27024.328,21516.0,21516.0
TN,Tornado,Medium-High,Weather,Short,0,2,2020,True,True,True,3,4,1,1,1,4,0.0,0.0,1,308261.25,490433.54,490433.54
TN,Biological,Medium,Unknown,Long,1207,73,2020,True,True,True,2,132,13,2,4,1716,0.1093620546810273,0.01077050538525269,1,119406410.0,180482189.55,180482189.55
TN,Severe Storm,Medium-High,Weather,Short,1,12,2020,True,True,True,3,8,2,2,2,16,8.0,2.0,1,190457.28,341463.02,341463.02
TN,Severe Storm,Medium-High,Weather,Short,1,67,2020,False,True,True,3,0,0,0,0,0,0.0,0.0,0,0.0,0.0,0.0
TX,Flood,High,Weather,Medium,6,17,2020,True,False,True,4,4,1,1,1,4,0.6666666666666666,0.1666666666666667,1,11155.116,8935.25,8935.25
TX,Biological,Medium,Unknown,Long,1207,65,2020,True,True,True,2,339,27,2,4,9153,0.2808616404308202,0.02236951118475559,1,122002330.0,600828727.08,600828727.08
UT,Biological,Medium,Unknown,Long,1207,75,2020,True,True,True,2,65,10,1,4,650,0.05385252692626347,0.008285004142502071,1,15853536.0,34765483.93,34765483.93
UT,Earthquake,Very High,Geological,Long,30,113,2020,True,True,True,5,0,0,0,0,0,0.0,0.0,0,0.0,0.0,0.0
VA,Biological,Medium,Unknown,Long,1207,73,2020,True,True,True,2,133,19,2,4,2527,0.1101905550952775,0.01574150787075394,1,53631520.0,43985248.38999999,43985248.38999999
VI,Biological,Medium,Unknown,Long,1207,73,2020,True,True,True,2,110,11,2,4,1210,0.09113504556752279,0.009113504556752278,1,66454732.0,25679731.57,25679731.57
VT,Severe Storm,Medium-High,Weather,Short,1,78,2020,False,True,True,3,9,2,1,1,18,9.0,2.0,1,55910.867,61497.63,61497.63
VT,Biological,Medium,Unknown,Long,1207,79,2020,True,True,True,2,68,8,1,4,544,0.05633802816901409,0.006628003314001657,1,21798304.0,25438855.42,25438855.42
WA,Biological,Medium,Unknown,Long,1207,62,2020,True,True,True,2,284,34,2,4,9656,0.2352941176470588,0.02816901408450704,1,36669280.0,32601492.84,32601492.84
WA,Flood,High,Weather,Long,21,94,2020,False,True,True,4,0,0,0,0,0,0.0,0.0,0,0.0,0.0,0.0
WI,Flood,High,Weather,Short,2,61,2020,False,True,True,4,0,0,0,0,0,0.0,0.0,0,0.0,0.0,0.0
WI,Biological,Medium,Unknown,Long,1207,75,2020,True,True,True,2,186,21,2,4,3906,0.1541010770505385,0.01739850869925435,1,126329200.0,168299400.14,168299400.14
WV,Biological,Medium,Unknown,Long,1207,74,2020,True,True,True,2,85,9,1,4,765,0.07042253521126761,0.007456503728251864,1,90238480.0,100308919.47,100308919.47
WY,Biological,Medium,Unknown,Long,1207,82,2020,True,True,True,2,33,6,1,3,198,0.02734051367025684,0.004971002485501243,1,3176717.2,3472117.04,3472117.04
AK,Mud/Landslide,Medium,Unknown,Short,2,79,2021,False,True,True,2,0,0,0,0,0,0.0,0.0,0,0.0,0.0,0.0
AL,Hurricane,Very High,Weather,Short,1,43,2021,True,True,True,5,6,1,1,1,6,6.0,1.0,1,179801.81,347882.99,347882.99
AL,Biological,Medium,Unknown,Long,1207,433,2021,True,True,True,2,0,0,0,0,0,0.0,0.0,0,0.0,0.0,0.0
AL,Severe Storm,Medium-High,Weather,Short,1,32,2021,True,True,True,3,0,0,0,0,0,0.0,0.0,0,0.0,0.0,0.0
AZ,Biological,Medium,Unknown,Long,1207,379,2021,True,True,True,2,45,5,1,2,225,0.03728251864125932,0.004142502071251036,1,5319346.5,5509724.77,5509724.77
AZ,Flood,High,Weather,Short,2,53,2021,False,True,True,4,0,0,0,0,0,0.0,0.0,0,0.0,0.0,0.0
CA,Fire,Medium,Unknown,Long,74,42,2021,True,True,True,2,48,11,2,1,528,0.6486486486486487,0.1486486486486487,1,2853909.2,6936089.0,6936089.0
CA,Fire,Medium,Unknown,Long,103,41,2021,True,True,True,2,89,13,2,2,1157,0.8640776699029126,0.1262135922330097,1,4321283.5,3785763.52,3785763.52
CA,Fire,Medium,Unknown,Long,68,29,2021,False,True,True,2,56,8,2,2,448,0.8235294117647058,0.1176470588235294,1,3817299.8,4283238.13,4283238.13
CO,Fire,Medium,Unknown,Long,60,131,2021,False,True,True,2,0,0,0,0,0,0.0,0.0,0,0.0,0.0,0.0
CT,Hurricane,Very High,Weather,Short,0,161,2021,False,True,True,5,15,3,1,2,45,0.0,0.0,1,165108.52,127922.15,127922.15
DE,Hurricane,Very High,Weather,Short,3,59,2021,False,True,True,5,0,0,0,0,0,0.0,0.0,0,0.0,0.0,0.0
GA,Hurricane,Very High,Weather,Short,0,75,2021,False,True,True,5,0,0,0,0,0,0.0,0.0,0,0.0,0.0,0.0
GA,Severe Storm,Medium-High,Weather,Short,1,41,2021,False,True,True,3,0,0,0,0,0,0.0,0.0,0,0.0,0.0,0.0
HI,Flood,High,Weather,Medium,10,66,2021,False,True,True,4,0,0,0,0,0,0.0,0.0,0,0.0,0.0,0.0
ID,Severe Storm,Medium-High,Weather,Short,0,50,2021,False,True,True,3,3,2,1,1,6,0.0,0.0,1,45870.91,81418.45999999999,81418.45999999999
KY,Severe Ice Storm,Medium,Unknown,Long,11,51,2021,False,True,True,2,0,0,0,0,0,0.0,0.0,0,0.0,0.0,0.0
KY,Flood,High,Weather,Long,15,55,2021,True,True,True,4,2,1,1,1,2,0.1333333333333333,0.06666666666666667,1,419170.1,626699.34,626699.34
LA,Hurricane,Very High,Weather,Medium,4,10,2021,True,True,True,5,90,20,2,4,1800,22.5,5.0,1,3853646.8,3323583.69,3323583.69
LA,Hurricane,Very High,Weather,Short,3,78,2021,True,True,True,5,31,10,1,2,310,10.33333333333333,3.333333333333333,1,558538.1,81599.07,81599.07
LA,Severe Ice Storm,Medium,Unknown,Medium,8,26,2021,True,True,True,2,0,0,0,0,0,0.0,0.0,0,0.0,0.0,0.0
LA,Flood,High,Weather,Medium,4,16,2021,True,True,True,4,4,1,1,1,4,1.0,0.25,1,7363.656,2293.09,2293.09
LA,Hurricane,Very High,Weather,Medium,8,3,2021,True,True,True,5,539,34,2,4,18326,67.375,4.25,1,248026050.0,238857067.42,238857067.42
MD,Hurricane,Very High,Weather,Short,1,185,2021,False,True,True,5,0,0,0,0,0,0.0,0.0,0,0.0,0.0,0.0
MI,Severe Storm,Medium-High,Weather,Short,1,20,2021,True,True,True,3,9,2,1,1,18,9.0,2.0,1,247390.86,288109.92,288109.92
MO,Severe Storm,Medium-High,Weather,Medium,7,69,2021,False,True,True,3,0,0,0,0,0,0.0,0.0,0,0.0,0.0,0.0
MS,Hurricane,Very High,Weather,Short,1,64,2021,True,True,True,5,5,2,1,2,10,5.0,2.0,1,44569.152,34770.48999999999,34770.48999999999
MS,Severe Ice Storm,Medium,Unknown,Medium,8,82,2021,False,True,True,2,0,0,0,0,0,0.0,0.0,0,0.0,0.0,0.0
MT,Other,Medium,Unknown,Short,0,64,2021,False,True,True,2,0,0,0,0,0,0.0,0.0,0,0.0,0.0,0.0
MT,Fire,Medium,Unknown,Long,12,53,2021,False,True,True,2,0,0,0,0,0,0.0,0.0,0,0.0,0.0,0.0
NC,Hurricane,Very High,Weather,Medium,4,75,2021,False,True,True,5,9,3,1,1,27,2.25,0.75,1,284559.06,251089.48,251089.48
NC,Severe Storm,Medium-High,Weather,Short,3,111,2021,False,True,True,3,7,3,1,1,21,2.333333333333333,1.0,1,347517.28,749945.79,749945.79
NC,Hurricane,Very High,Weather,Short,2,23,2021,True,True,True,5,7,2,1,1,14,3.5,1.0,1,77322.01,39890.89999999999,39890.89999999999
ND,Severe Storm,Medium-High,Weather,Short,2,95,2021,False,True,True,3,0,0,0,0,0,0.0,0.0,0,0.0,0.0,0.0
ND,Severe Storm,Medium-High,Weather,Medium,4,86,2021,False,True,True,3,0,0,0,0,0,0.0,0.0,0,0.0,0.0,0.0
NE,Severe Storm,Medium-High,Weather,Short,1,59,2021,False,True,True,3,0,0,0,0,0,0.0,0.0,0,0.0,0.0,0.0
NH,Severe Storm,Medium-High,Weather,Short,2,75,2021,False,True,True,3,0,0,0,0,0,0.0,0.0,0,0.0,0.0,0.0
NJ,Hurricane,Very High,Weather,Short,0,129,2021,False,True,True,5,0,0,0,0,0,0.0,0.0,0,0.0,0.0,0.0
NJ,Snowstorm,Medium,Weather,Short,2,87,2021,False,True,True,2,0,0,0,0,0,0.0,0.0,0,0.0,0.0,0.0
NJ,Hurricane,Very High,Weather,Short,2,4,2021,True,True,True,5,50,9,2,2,450,25.0,4.5,1,3679722.2,3974942.67,3974942.67
NY,Hurricane,Very High,Weather,Short,0,59,2021,False,True,True,5,0,0,0,0,0,0.0,0.0,0,0.0,0.0,0.0
NY,Hurricane,Very High,Weather,Short,2,4,2021,True,True,True,5,77,20,2,2,1540,38.5,10.0,1,3745576.8,3736261.98,3736261.98
OK,Severe Ice Storm,Medium,Unknown,Short,3,56,2021,False,True,True,2,0,0,0,0,0,0.0,0.0,0,0.0,0.0,0.0
OK,Severe Ice Storm,Medium,Unknown,Long,12,16,2021,True,True,True,2,0,0,0,0,0,0.0,0.0,0,0.0,0.0,0.0
OR,Severe Storm,Medium-High,Weather,Medium,4,82,2021,False,True,True,3,0,0,0,0,0,0.0,0.0,0,0.0,0.0,0.0
PA,Hurricane,Very High,Weather,Medium,5,10,2021,True,True,True,5,13,3,1,1,39,2.6,0.6,1,383824.22,346030.02,346030.02
PR,Flood,High,Weather,Short,0,53,2021,True,False,False,4,2,1,1,1,2,0.0,0.0,1,17419.465,15332.8,15332.8
TN,Severe Ice Storm,Medium,Unknown,Medium,8,69,2021,False,True,True,2,0,0,0,0,0,0.0,0.0,0,0.0,0.0,0.0
TN,Tornado,Medium-High,Weather,Medium,9,44,2021,True,True,True,3,5,1,1,2,5,0.5555555555555556,0.1111111111111111,1,3510.305,2971.15,2971.15
TN,Flood,High,Weather,Short,0,2,2021,True,True,True,4,20,3,2,1,60,0.0,0.0,1,510892.84,450952.33,450952.33
TX,Hurricane,Very High,Weather,Medium,4,108,2021,False,True,True,5,38,6,2,2,228,9.5,1.5,1,1951141.9,1367877.409999999,1367877.409999999
TX,Severe Ice Storm,Medium,Unknown,Medium,10,8,2021,True,True,True,2,77,14,2,4,1078,7.7,1.4,1,6064118.5,5655348.140000001,5655348.140000001
UT,Severe Storm,Medium-High,Weather,Short,1,127,2021,False,True,True,3,0,0,0,0,0,0.0,0.0,0,0.0,0.0,0.0
VA,Severe Ice Storm,Medium,Unknown,Short,2,88,2021,False,True,True,2,0,0,0,0,0,0.0,0.0,0,0.0,0.0,0.0
VT,Flood,High,Weather,Short,1,62,2021,False,True,True,4,4,1,1,1,4,4.0,1.0,1,23032.686,17911.61,17911.61
WA,Fire,Medium,Unknown,Long,18,156,2021,False,True,True,2,0,0,0,0,0,0.0,0.0,0,0.0,0.0,0.0
WA,Severe Storm,Medium-High,Weather,Long,18,100,2021,False,True,True,3,15,3,1,2,45,0.8333333333333334,0.1666666666666667,1,59849.223,30486.56,30486.56
WV,Severe Ice Storm,Medium,Unknown,Medium,6,92,2021,False,True,True,2,0,0,0,0,0,0.0,0.0,0,0.0,0.0,0.0
WV,Flood,High,Weather,Medium,5,82,2021,True,True,True,4,0,0,0,0,0,0.0,0.0,0,0.0,0.0,0.0
AK,Severe Storm,Medium-High,Weather,Short,3,78,2022,False,True,True,3,0,0,0,0,0,0.0,0.0,0,0.0,0.0,0.0
AK,Severe Storm,Medium-High,Weather,Short,3,72,2022,False,True,True,3,0,0,0,0,0,0.0,0.0,0,0.0,0.0,0.0
AK,Severe Storm,Medium-High,Weather,Short,2,89,2022,False,True,True,3,0,0,0,0,0,0.0,0.0,0,0.0,0.0,0.0
AK,Mud/Landslide,Medium,Unknown,Short,0,80,2022,False,True,True,2,0,0,0,0,0,0.0,0.0,0,0.0,0.0,0.0
AK,Flood,High,Weather,Short,3,110,2022,False,True,True,4,0,0,0,0,0,0.0,0.0,0,0.0,0.0,0.0
AK,Severe Storm,Medium-High,Weather,Medium,5,8,2022,True,True,True,3,75,10,1,2,750,15.0,2.0,1,1732775.0,1647481.86,1647481.86
AL,Severe Storm,Medium-High,Weather,Short,1,76,2022,True,False,True,3,0,0,0,0,0,0.0,0.0,0,0.0,0.0,0.0
AR,Tornado,Medium-High,Weather,Short,1,13,2022,True,False,True,3,7,2,1,1,14,7.0,2.0,1,55003.89,55382.50999999999,55382.50999999999
AS,Severe Storm,Medium-High,Weather,Short,3,65,2022,False,True,True,3,0,0,0,0,0,0.0,0.0,0,0.0,0.0,0.0
AZ,Severe Storm,Medium-High,Weather,Short,1,47,2022,True,True,True,3,2,1,1,1,2,2.0,1.0,0,0.0,0.0,0.0
CO,Fire,Medium,Unknown,Medium,8,1,2022,True,True,True,2,28,6,2,2,168,3.5,0.75,1,2086513.1,2542749.0,2542749.0
CT,Hurricane,Very High,Weather,Short,1,59,2022,True,True,True,5,0,0,0,0,0,0.0,0.0,0,0.0,0.0,0.0
DE,Hurricane,Very High,Weather,Medium,6,53,2022,False,True,True,5,0,0,0,0,0,0.0,0.0,0,0.0,0.0,0.0
FL,Hurricane,Very High,Weather,Long,42,6,2022,False,True,True,5,719,46,2,4,33074,17.11904761904762,1.095238095238095,1,171079950.0,174146379.9,174146379.9
FL,Hurricane,Very High,Weather,Long,42,7,2022,True,True,True,5,0,0,0,0,0,0.0,0.0,0,0.0,0.0,0.0
HI,Severe Storm,Medium-High,Weather,Medium,5,72,2022,False,True,True,3,0,0,0,0,0,0.0,0.0,0,0.0,0.0,0.0
IA,Severe Storm,Medium-High,Weather,Short,0,70,2022,False,True,True,3,0,0,0,0,0,0.0,0.0,0,0.0,0.0,0.0
KS,Severe Storm,Medium-High,Weather,Short,0,64,2022,False,True,True,3,2,1,1,2,2,0.0,0.0,1,18926.668,0.0,0.0
KS,Snowstorm,Medium,Weather,Medium,5,69,2022,False,True,True,2,0,0,0,0,0,0.0,0.0,0,0.0,0.0,0.0
KY,Tornado,Medium-High,Weather,Short,1,2,2022,True,True,True,3,126,15,2,3,1890,126.0,15.0,1,16888688.0,20379673.77,20379673.77
KY,Severe Storm,Medium-High,Weather,Short,2,58,2022,False,True,True,3,5,1,1,1,5,2.5,0.5,1,6066.205,2846.26,2846.26
KY,Flood,High,Weather,Long,16,3,2022,True,True,True,4,172,13,2,3,2236,10.75,0.8125,1,9005616.0,6839851.34,6839851.34
MA,Snowstorm,Medium,Weather,Short,1,80,2022,False,True,True,2,5,1,1,1,5,5.0,1.0,1,1864.8708,1953.86,1953.86
ME,Coastal Storm,High,Weather,Short,1,136,2022,False,True,True,4,0,0,0,0,0,0.0,0.0,0,0.0,0.0,0.0
MN,Severe Storm,Medium-High,Weather,Medium,5,61,2022,False,True,True,3,16,4,1,2,64,3.2,0.8,1,1299912.6,728757.85,728757.85
MN,Flood,High,Weather,Long,54,82,2022,False,True,True,4,8,1,1,1,8,0.1481481481481481,0.01851851851851852,1,2489126.2,2592292.55,2592292.55
MN,Severe Storm,Medium-High,Weather,Short,1,72,2022,False,True,True,3,7,1,1,1,7,7.0,1.0,1,541860.9,820737.03,820737.03
MO,Severe Storm,Medium-High,Weather,Short,0,31,2022,False,True,True,3,0,0,0,0,0,0.0,0.0,0,0.0,0.0,0.0
MO,Flood,High,Weather,Short,3,14,2022,True,True,True,4,25,6,2,2,150,8.333333333333334,2.0,1,827834.5,843884.24,843884.24
MS,Hurricane,Very High,Weather,Medium,4,55,2022,True,True,True,5,0,0,0,0,0,0.0,0.0,0,0.0,0.0,0.0
MT,Flood,High,Weather,Long,25,6,2022,True,True,True,4,46,10,2,2,460,1.84,0.4,1,643978.06,614130.21,614130.21
ND,Severe Storm,Medium-High,Weather,Long,33,82,2022,False,True,True,3,3,1,1,1,3,0.09090909090909091,0.0303030303030303,1,22262.059,24144.87,24144.87
NE,Severe Storm,Medium-High,Weather,Short,0,70,2022,False,True,True,3,0,0,0,0,0,0.0,0.0,0,0.0,0.0,0.0
NE,Severe Storm,Medium-High,Weather,Short,0,76,2022,False,True,True,3,0,0,0,0,0,0.0,0.0,0,0.0,0.0,0.0
NH,Flood,High,Weather,Medium,4,67,2022,False,True,True,4,5,2,1,1,10,1.25,0.5,1,11563.03,11367.96,11367.96
NM,Fire,Medium,Unknown,Long,109,29,2022,True,True,True,2,249,19,2,4,4731,2.28440366972477,0.1743119266055046,1,89293550.0,78205834.34,78205834.34
NY,Hurricane,Very High,Weather,Short,1,51,2022,False,True,True,5,0,0,0,0,0,0.0,0.0,0,0.0,0.0,0.0
OK,Severe Storm,Medium-High,Weather,Medium,6,58,2022,True,False,True,3,14,2,1,1,28,2.333333333333333,0.3333333333333333,1,291101.97,276748.52,276748.52
OK,Severe Storm,Medium-High,Weather,Medium,6,141,2022,False,True,True,3,0,0,0,0,0,0.0,0.0,0,0.0,0.0,0.0
PR,Flood,High,Weather,Short,2,53,2022,True,False,True,4,0,0,0,0,0,0.0,0.0,0,0.0,0.0,0.0
PR,Hurricane,Very High,Weather,Medium,4,4,2022,True,True,True,5,210,26,2,4,5460,52.5,6.5,1,912647940.0,1477526835.95,1477526835.95
RI,Snowstorm,Medium,Weather,Short,1,104,2022,False,True,True,2,3,1,1,1,3,3.0,1.0,1,1259.7457,1224.73,1224.73
SD,Severe Storm,Medium-High,Weather,Short,0,48,2022,False,True,True,3,9,2,1,2,18,0.0,0.0,1,34428.55,36002.96,36002.96
SD,Severe Storm,Medium-High,Weather,Short,3,52,2022,False,True,True,3,0,0,0,0,0,0.0,0.0,0,0.0,0.0,0.0
TN,Tornado,Medium-High,Weather,Short,1,35,2022,True,True,True,3,6,2,2,1,12,6.0,2.0,1,49134.62,31324.47,31324.47
TN,Severe Storm,Medium-High,Weather,Short,1,36,2022,False,True,True,3,5,2,1,1,10,5.0,2.0,1,42585.32,51608.46000000001,51608.46000000001
VA,Flood,High,Weather,Short,1,57,2022,False,True,True,4,0,0,0,0,0,0.0,0.0,0,0.0,0.0,0.0
VA,Severe Storm,Medium-High,Weather,Short,1,68,2022,False,True,True,3,16,2,1,2,32,16.0,2.0,1,75886.63,51512.71,51512.71
VA,Severe Storm,Medium-High,Weather,Short,1,79,2022,False,True,True,3,0,0,0,0,0,0.0,0.0,0,0.0,0.0,0.0
WA,Fire,Medium,Unknown,Long,27,162,2022,False,True,True,2,0,0,0,0,0,0.0,0.0,0,0.0,0.0,0.0
WA,Flood,High,Weather,Long,27,61,2022,True,True,True,4,33,9,1,2,297,1.222222222222222,0.3333333333333333,1,931802.1,161821.91,161821.91
WA,Flood,High,Weather,Long,20,93,2022,False,True,True,4,6,2,1,2,12,0.3,0.1,1,256261.0,500763.54,500763.54
AK,Flood,High,Weather,Long,22,103,2023,True,True,True,4,7,2,1,2,14,0.3181818181818182,0.09090909090909091,1,239240.58,327770.63,327770.63
AL,Severe Storm,Medium-High,Weather,Short,0,3,2023,True,True,True,3,11,2,1,2,22,0.0,0.0,1,93187.8,134662.98,134662.98
AL,Severe Storm,Medium-High,Weather,Short,3,42,2023,False,True,True,3,0,0,0,0,0,0.0,0.0,0,0.0,0.0,0.0
AR,Severe Storm,Medium-High,Weather,Short,0,2,2023,True,True,True,3,32,9,1,2,288,0.0,0.0,1,181058.62,134078.84,134078.84
AR,Winter Storm,Medium,Weather,Short,3,64,2023,False,True,True,2,0,0,0,0,0,0.0,0.0,0,0.0,0.0,0.0
AZ,Flood,High,Weather,Short,1,90,2023,False,True,True,4,0,0,0,0,0,0.0,0.0,0,0.0,0.0,0.0
AZ,Severe Storm,Medium-High,Weather,Short,3,87,2023,False,True,True,3,0,0,0,0,0,0.0,0.0,0,0.0,0.0,0.0
CA,Flood,High,Weather,Long,35,18,2023,True,True,True,4,110,16,2,2,1760,3.142857142857143,0.4571428571428571,1,8981943.0,9337382.52,9337382.52
CA,Earthquake,Very High,Geological,Long,12,78,2023,False,True,True,5,0,0,0,0,0,0.0,0.0,0,0.0,0.0,0.0
CA,Severe Storm,Medium-High,Weather,Long,139,41,2023,True,True,True,3,91,12,2,3,1092,0.6546762589928058,0.08633093525179857,1,4245120.5,4633969.29,4633969.29
CA,Winter Storm,Medium,Weather,Long,19,70,2023,True,True,True,2,5,1,1,1,5,0.2631578947368421,0.05263157894736842,1,41066.35,59874.39000000001,59874.39000000001
CA,Severe Storm,Medium-High,Weather,Short,3,84,2023,False,True,True,3,0,0,0,0,0,0.0,0.0,0,0.0,0.0,0.0
CA,Severe Storm,Medium-High,Weather,Medium,5,75,2023,False,True,True,3,0,0,0,0,0,0.0,0.0,0,0.0,0.0,0.0
CA,Hurricane,Very High,Weather,Short,2,39,2023,False,True,True,5,0,0,0,0,0,0.0,0.0,0,0.0,0.0,0.0
CO,Flood,High,Weather,Long,15,78,2023,False,True,True,4,0,0,0,0,0,0.0,0.0,0,0.0,0.0,0.0
FL,Hurricane,Very High,Weather,Long,23,36,2023,False,True,True,5,12,3,1,2,36,0.5217391304347826,0.1304347826086956,1,141080.2,228100.4,228100.4
FL,Flood,High,Weather,Short,2,15,2023,True,True,True,4,5,1,1,1,5,2.5,0.5,1,12616.098,25153.5,25153.5
FL,Hurricane,Very High,Weather,Medium,8,4,2023,True,True,True,5,234,38,2,4,8892,29.25,4.75,1,10456386.0,6732888.2,6732888.2
GA,Severe Storm,Medium-High,Weather,Short,0,4,2023,True,True,True,3,9,3,1,2,27,0.0,0.0,1,35990.406,20189.71,20189.71
GA,Hurricane,Very High,Weather,Short,0,8,2023,True,True,True,5,11,4,1,2,44,0.0,0.0,1,209870.45,184718.91,184718.91
GU,Hurricane,Very High,Weather,Medium,7,3,2023,True,True,True,5,318,22,2,4,6996,45.42857142857143,3.142857142857143,1,81452490.0,81128477.27,81128477.27
HI,Fire,Medium,Unknown,Long,53,2,2023,True,True,True,2,537,30,2,4,16110,10.13207547169811,0.5660377358490566,1,1356129800.0,1384018846.42,1384018846.42
IA,Flood,High,Weather,Long,19,123,2023,False,True,True,4,0,0,0,0,0,0.0,0.0,0,0.0,0.0,0.0
IL,Flood,High,Weather,Short,3,81,2023,True,False,True,4,6,1,1,1,6,2.0,0.3333333333333333,1,13875.559,93837.37,93837.37
IL,Severe Storm,Medium-High,Weather,Short,3,47,2023,True,False,True,3,25,7,1,2,175,8.333333333333334,2.333333333333333,1,560532.25,613294.9400000001,613294.9400000001
IN,Severe Storm,Medium-High,Weather,Short,1,15,2023,True,True,True,3,2,1,1,1,2,2.0,1.0,1,5733.303,4538.959999999999,4538.959999999999
KY,Severe Storm,Medium-High,Weather,Short,1,38,2023,False,True,True,3,5,1,1,1,5,5.0,1.0,1,11676.658,10739.56,10739.56
KY,Flood,High,Weather,Medium,5,83,2023,False,True,True,4,12,2,1,1,24,2.4,0.4,1,727527.1,751774.63,751774.63
ME,Severe Storm,Medium-High,Weather,Short,1,89,2023,False,True,True,3,11,2,1,1,22,11.0,2.0,1,63742.35,53684.48,53684.48
ME,Flood,High,Weather,Short,1,67,2023,False,True,True,4,3,1,1,1,3,3.0,1.0,1,21146.02,23296.89,23296.89
ME,Flood,High,Weather,Short,0,68,2023,False,True,True,4,0,0,0,0,0,0.0,0.0,0,0.0,0.0,0.0
ME,Flood,High,Weather,Short,0,72,2023,False,True,True,4,0,0,0,0,0,0.0,0.0,0,0.0,0.0,0.0
MN,Flood,High,Weather,Long,19,99,2023,False,True,True,4,9,4,1,2,36,0.4736842105263158,0.2105263157894737,1,1232693.0,1243478.26,1243478.26
MO,Severe Storm,Medium-High,Weather,Long,16,54,2023,False,True,True,3,4,1,1,2,4,0.25,0.0625,1,451.17853,319.5299999999997,319.5299999999997
MP,Tropical Storm,Medium-High,Weather,Medium,7,11,2023,False,True,True,3,9,3,1,2,27,1.285714285714286,0.4285714285714285,1,112975.31,157279.26,157279.26
MS,Severe Storm,Medium-High,Weather,Short,1,2,2023,True,True,True,3,72,7,2,2,504,72.0,7.0,1,2183521.2,1922762.62,1922762.62
MS,Severe Storm,Medium-High,Weather,Medium,5,59,2023,True,True,True,3,0,0,0,0,0,0.0,0.0,0,0.0,0.0,0.0
MT,Flood,High,Weather,Long,16,124,2023,False,True,True,4,0,0,0,0,0,0.0,0.0,0,0.0,0.0,0.0
ND,Snowstorm,Medium,Weather,Short,2,88,2023,False,True,True,2,0,0,0,0,0,0.0,0.0,0,0.0,0.0,0.0
ND,Flood,High,Weather,Long,26,86,2023,False,True,True,4,0,0,0,0,0,0.0,0.0,0,0.0,0.0,0.0
NH,Severe Storm,Medium-High,Weather,Short,3,83,2023,False,True,True,3,7,2,1,1,14,2.333333333333333,0.6666666666666666,1,54862.176,50762.60000000001,50762.60000000001
NH,Flood,High,Weather,Medium,8,67,2023,False,True,True,4,3,1,1,1,3,0.375,0.125,1,396.426,229.96,229.96
NJ,Severe Storm,Medium-High,Weather,Short,1,28,2023,False,True,True,3,0,0,0,0,0,0.0,0.0,0,0.0,0.0,0.0
NV,Flood,High,Weather,Long,11,50,2023,False,True,True,4,0,0,0,0,0,0.0,0.0,0,0.0,0.0,0.0
NY,Snowstorm,Medium,Weather,Medium,5,82,2023,True,True,True,2,0,0,0,0,0,0.0,0.0,0,0.0,0.0,0.0
NY,Severe Storm,Medium-High,Weather,Short,1,13,2023,False,True,True,3,0,0,0,0,0,0.0,0.0,0,0.0,0.0,0.0
OK,Severe Storm,Medium-High,Weather,Medium,4,72,2023,False,True,True,3,0,0,0,0,0,0.0,0.0,0,0.0,0.0,0.0
OK,Tornado,Medium-High,Weather,Short,1,5,2023,True,True,True,3,10,3,1,3,30,10.0,3.0,1,71178.914,58162.35000000001,58162.35000000001
OK,Severe Storm,Medium-High,Weather,Medium,4,35,2023,False,True,True,3,3,1,1,1,3,0.75,0.25,1,89374.625,170007.59,170007.59
OR,Mud/Landslide,Medium,Unknown,Short,1,78,2023,False,True,True,2,0,0,0,0,0,0.0,0.0,0,0.0,0.0,0.0
SC,Hurricane,Very High,Weather,Medium,9,57,2023,True,True,True,5,0,0,0,0,0,0.0,0.0,0,0.0,0.0,0.0
SD,Winter Storm,Medium,Weather,Long,13,70,2023,False,True,True,2,1,1,1,1,1,0.07692307692307693,0.07692307692307693,1,1001.5654,867.16,867.16
SD,Winter Storm,Medium,Weather,Long,13,70,2023,False,True,True,2,1,1,1,1,1,0.07692307692307693,0.07692307692307693,1,1001.5654,216.78,216.78
SD,Winter Storm,Medium,Weather,Long,13,77,2023,False,True,True,2,0,0,0,0,0,0.0,0.0,0,0.0,0.0,0.0
SD,Flood,High,Weather,Long,26,88,2023,False,True,True,4,5,2,1,2,10,0.1923076923076923,0.07692307692307693,1,32997.51,29651.87,29651.87
TN,Winter Storm,Medium,Weather,Medium,5,76,2023,False,True,True,2,0,0,0,0,0,0.0,0.0,0,0.0,0.0,0.0
TN,Severe Storm,Medium-High,Weather,Short,1,7,2023,True,True,True,3,14,3,2,2,42,14.0,3.0,1,382642.25,402795.42,402795.42
TN,Severe Storm,Medium-High,Weather,Short,2,77,2023,False,True,True,3,0,0,0,0,0,0.0,0.0,0,0.0,0.0,0.0
TN,Severe Storm,Medium-High,Weather,Short,1,53,2023,False,True,True,3,2,1,1,1,2,2.0,1.0,1,7260.701,9474.84,9474.84
TN,Severe Storm,Medium-High,Weather,Short,3,48,2023,False,True,True,3,0,0,0,0,0,0.0,0.0,0,0.0,0.0,0.0
TN,Severe Storm,Medium-High,Weather,Short,0,51,2023,False,True,True,3,2,1,1,1,2,0.0,0.0,0,0.0,0.0,0.0
TX,Winter Storm,Medium,Weather,Short,3,81,2023,False,True,True,2,0,0,0,0,0,0.0,0.0,0,0.0,0.0,0.0
VT,Severe Storm,Medium-High,Weather,Short,2,88,2023,False,True,True,3,2,1,1,1,2,1.0,0.5,1,1820.5846,1732.440000000002,1732.440000000002
VT,Flood,High,Weather,Long,14,7,2023,True,True,True,4,157,19,2,4,2983,11.21428571428571,1.357142857142857,1,7981509.5,8048120.36,8048120.36
WA,Severe Storm,Medium-High,Weather,Medium,5,70,2023,False,True,True,3,0,0,0,0,0,0.0,0.0,0,0.0,0.0,0.0
WV,Flood,High,Weather,Short,1,139,2023,False,True,True,4,0,0,0,0,0,0.0,0.0,0,0.0,0.0,0.0
WV,Severe Storm,Medium-High,Weather,Short,1,106,2023,False,True,True,3,0,0,0,0,0,0.0,0.0,0,0.0,0.0,0.0
WY,Flood,High,Weather,Short,0,88,2023,False,True,True,4,0,0,0,0,0,0.0,0.0,0,0.0,0.0,0.0
AK,Mud/Landslide,Medium,Unknown,Short,0,116,2024,True,True,True,2,0,0,0,0,0,0.0,0.0,0,0.0,0.0,0.0
AK,Mud/Landslide,Medium,Unknown,Short,0,138,2024,False,True,True,2,0,0,0,0,0,0.0,0.0,0,0.0,0.0,0.0
AR,Severe Storm,Medium-High,Weather,Short,1,142,2024,False,True,True,3,0,0,0,0,0,0.0,0.0,0,0.0,0.0,0.0
AR,Severe Storm,Medium-High,Weather,Short,3,6,2024,True,True,True,3,13,3,1,1,39,4.333333333333333,1.0,1,168744.84,90938.80999999998,90938.80999999998
CA,Tropical Storm,Medium-High,Weather,Short,2,60,2024,False,True,True,3,0,0,0,0,0,0.0,0.0,0,0.0,0.0,0.0
CA,Hurricane,Very High,Weather,Short,2,94,2024,False,True,True,5,3,3,1,1,9,1.5,1.5,1,18326.121,16990.68,16990.68
CA,Flood,High,Weather,Short,2,29,2024,True,False,True,4,13,3,1,1,39,6.5,1.5,1,42845.96,31663.52,31663.52
CA,Severe Storm,Medium-High,Weather,Medium,9,73,2024,False,True,True,3,0,0,0,0,0,0.0,0.0,0,0.0,0.0,0.0
CA,Severe Storm,Medium-High,Weather,Medium,9,79,2024,False,True,True,3,0,0,0,0,0,0.0,0.0,0,0.0,0.0,0.0
CA,Severe Storm,Medium-High,Weather,Short,1,80,2024,False,True,True,3,0,0,0,0,0,0.0,0.0,0,0.0,0.0,0.0
CT,Severe Storm,Medium-High,Weather,Short,1,33,2024,True,True,True,3,8,2,1,2,16,8.0,2.0,1,32040.045,24695.95,24695.95
FL,Severe Storm,Medium-High,Weather,Short,0,38,2024,True,True,True,3,9,2,1,1,18,0.0,0.0,1,12679.863,149094.92,149094.92
FL,Tropical Storm,Medium-High,Weather,Long,26,9,2024,True,True,True,3,78,20,1,3,1560,3.0,0.7692307692307693,1,753378.1,679602.6499999999,679602.6499999999
FL,Hurricane,Very High,Weather,Long,14,5,2024,False,True,True,5,336,36,2,4,12096,24.0,2.571428571428572,1,7387288.0,6826773.82,6826773.82
GA,Tropical Storm,Medium-High,Weather,Long,16,51,2024,True,True,True,3,13,4,1,3,52,0.8125,0.25,1,130037.91,1348865.77,1348865.77
GA,Hurricane,Very High,Weather,Long,36,6,2024,True,True,True,5,231,44,2,3,10164,6.416666666666667,1.222222222222222,1,163830500.0,171127070.2,171127070.2
HI,Flood,High,Weather,Short,3,67,2024,False,True,True,4,0,0,0,0,0,0.0,0.0,0,0.0,0.0,0.0
IA,Tornado,Medium-High,Weather,Short,1,18,2024,True,True,True,3,12,4,1,2,48,12.0,4.0,1,595256.4,1085389.59,1085389.59
IA,Severe Storm,Medium-High,Weather,Long,11,4,2024,True,True,True,3,20,5,2,2,100,1.818181818181818,0.4545454545454545,1,629166.5,596675.0599999999,596675.0599999999
IA,Severe Storm,Medium-High,Weather,Long,37,8,2024,True,True,True,3,47,9,2,2,423,1.27027027027027,0.2432432432432433,1,3610811.8,3835790.300000002,3835790.300000002
ID,Flood,High,Weather,Short,1,57,2024,False,True,True,4,0,0,0,0,0,0.0,0.0,0,0.0,0.0,0.0
IL,Flood,High,Weather,Short,1,64,2024,True,False,True,4,0,0,0,0,0,0.0,0.0,0,0.0,0.0,0.0
IL,Flood,High,Weather,Short,3,69,2024,True,False,True,4,4,1,1,1,4,1.333333333333333,0.3333333333333333,1,1764.3525,1612.79,1612.79
KS,Severe Storm,Medium-High,Weather,Medium,7,104,2024,False,True,True,3,2,1,1,1,2,0.2857142857142857,0.1428571428571428,1,2029.2231,329.4499999999998,329.4499999999998
KS,Winter Storm,Medium,Weather,Medium,8,111,2024,False,True,True,2,2,1,1,2,2,0.25,0.125,0,0.0,0.0,0.0
KS,Severe Storm,Medium-High,Weather,Medium,5,81,2024,False,True,True,3,0,0,0,0,0,0.0,0.0,0,0.0,0.0,0.0
KS,Severe Storm,Medium-High,Weather,Short,0,93,2024,False,True,True,3,0,0,0,0,0,0.0,0.0,0,0.0,0.0,0.0
KS,Severe Storm,Medium-High,Weather,Long,11,90,2024,False,True,True,3,0,0,0,0,0,0.0,0.0,0,0.0,0.0,0.0
KY,Severe Storm,Medium-High,Weather,Short,0,50,2024,True,False,True,3,0,0,0,0,0,0.0,0.0,0,0.0,0.0,0.0
KY,Severe Storm,Medium-High,Weather,Medium,6,63,2024,True,True,True,3,9,3,1,1,27,1.5,0.5,1,615478.75,951206.5599999999,951206.5599999999
LA,Hurricane,Very High,Weather,Short,3,7,2024,True,True,True,5,122,22,1,2,2684,40.66666666666666,7.333333333333333,1,4179350.0,3714550.36,3714550.36
MA,Flood,High,Weather,Short,2,247,2024,True,False,True,4,3,1,1,1,3,1.5,0.5,1,951.74097,158.31,158.31
ME,Severe Storm,Medium-High,Weather,Medium,4,44,2024,True,True,True,3,20,3,1,2,60,5.0,0.75,1,532949.06,691536.72,691536.72
ME,Severe Storm,Medium-High,Weather,Medium,4,71,2024,True,True,True,3,7,1,1,2,7,1.75,0.25,1,9462.929,5417.849999999999,5417.849999999999
ME,Winter Storm,Medium,Weather,Short,2,51,2024,False,True,True,2,0,0,0,0,0,0.0,0.0,0,0.0,0.0,0.0
MI,Flood,High,Weather,Short,2,168,2024,True,False,True,4,5,3,1,2,15,2.5,1.5,1,19211.521,19393.34999999998,19393.34999999998
MN,Flood,High,Weather,Long,18,12,2024,True,True,True,4,20,5,1,2,100,1.111111111111111,0.2777777777777778,1,1938330.0,2243800.07,2243800.07
MO,Severe Storm,Medium-High,Weather,Medium,8,65,2024,True,True,True,3,2,1,1,1,2,0.25,0.125,0,0.0,0.0,0.0
MS,Severe Storm,Medium-High,Weather,Short,3,63,2024,True,False,True,3,0,0,0,0,0,0.0,0.0,0,0.0,0.0,0.0
MT,Flood,High,Weather,Medium,7,132,2024,False,True,True,4,0,0,0,0,0,0.0,0.0,0,0.0,0.0,0.0
MT,Severe Storm,Medium-High,Weather,Short,3,73,2024,False,True,True,3,0,0,0,0,0,0.0,0.0,0,0.0,0.0,0.0
MT,Straight-Line Winds,Medium,Weather,Short,0,30,2024,False,True,True,2,0,0,0,0,0,0.0,0.0,0,0.0,0.0,0.0
NC,Tropical Storm,Medium-High,Weather,Long,84,3,2024,True,True,True,3,576,54,2,4,31104,6.857142857142857,0.6428571428571429,1,2222546200.0,3062991690.99,3062991690.99
ND,Winter Storm,Medium,Weather,Short,2,52,2024,False,True,True,2,0,0,0,0,0,0.0,0.0,0,0.0,0.0,0.0
NE,Tornado,Medium-High,Weather,Short,2,8,2024,True,True,True,3,8,3,1,1,24,4.0,1.5,1,157560.06,171539.27,171539.27
NE,Severe Storm,Medium-High,Weather,Short,1,48,2024,False,True,True,3,0,0,0,0,0,0.0,0.0,0,0.0,0.0,0.0
NE,Severe Storm,Medium-High,Weather,Long,14,92,2024,False,True,True,3,0,0,0,0,0,0.0,0.0,0,0.0,0.0,0.0
NE,Severe Storm,Medium-High,Weather,Long,19,97,2024,False,True,True,3,0,0,0,0,0,0.0,0.0,0,0.0,0.0,0.0
NH,Severe Storm,Medium-High,Weather,Medium,4,72,2024,False,True,True,3,0,0,0,0,0,0.0,0.0,0,0.0,0.0,0.0
NH,Severe Storm,Medium-High,Weather,Medium,5,101,2024,False,True,True,3,0,0,0,0,0,0.0,0.0,0,0.0,0.0,0.0
NH,Winter Storm,Medium,Weather,Short,2,98,2024,False,True,True,2,0,0,0,0,0,0.0,0.0,0,0.0,0.0,0.0
NH,Severe Storm,Medium-High,Weather,Short,3,41,2024,False,True,True,3,6,1,1,1,6,2.0,0.3333333333333333,1,1439.077,386.6999999999998,386.6999999999998
NM,Fire,Medium,Unknown,Long,64,3,2024,True,True,True,2,120,14,2,4,1680,1.875,0.21875,1,8788306.0,9704023.83,9704023.83
NM,Flood,High,Weather,Short,1,61,2024,False,True,True,4,5,1,1,1,5,5.0,1.0,1,17576.668,22603.03,22603.03
NY,Flood,High,Weather,Short,2,124,2024,False,True,True,4,0,0,0,0,0,0.0,0.0,0,0.0,0.0,0.0
NY,Flood,High,Weather,Short,1,50,2024,False,True,True,4,0,0,0,0,0,0.0,0.0,0,0.0,0.0,0.0
NY,Tropical Storm,Medium-High,Weather,Short,2,43,2024,True,True,True,3,0,0,0,0,0,0.0,0.0,0,0.0,0.0,0.0
NY,Tropical Storm,Medium-High,Weather,Short,2,47,2024,False,True,True,3,0,0,0,0,0,0.0,0.0,0,0.0,0.0,0.0
OH,Tornado,Medium-High,Weather,Short,0,49,2024,True,False,True,3,5,2,1,2,10,0.0,0.0,1,22440.008,55980.44000000005,55980.44000000005
OK,Tornado,Medium-High,Weather,Long,14,5,2024,True,True,True,3,40,7,1,2,280,2.857142857142857,0.5,1,941682.5,689765.34,689765.34
OK,Severe Storm,Medium-High,Weather,Medium,9,26,2024,True,True,True,3,4,2,1,2,8,0.4444444444444444,0.2222222222222222,1,2960.264,2724.639999999999,2724.639999999999
OK,Severe Storm,Medium-High,Weather,Short,1,131,2024,False,True,True,3,0,0,0,0,0,0.0,0.0,0,0.0,0.0,0.0
OR,Severe Storm,Medium-High,Weather,Long,12,94,2024,False,True,True,3,16,2,1,2,32,1.333333333333333,0.1666666666666667,1,1145611.9,2114720.71,2114720.71
PA,Tropical Storm,Medium-High,Weather,Short,1,33,2024,True,True,True,3,7,1,1,2,7,7.0,1.0,1,7505.244,6677.0,6677.0
PR,Flood,High,Weather,Long,11,85,2024,False,True,True,4,0,0,0,0,0,0.0,0.0,0,0.0,0.0,0.0
RI,Severe Storm,Medium-High,Weather,Short,3,119,2024,True,False,True,3,4,1,1,1,4,1.333333333333333,0.3333333333333333,1,166.68872,120.5699999999997,120.5699999999997
RI,Severe Storm,Medium-High,Weather,Short,2,94,2024,True,False,True,3,0,0,0,0,0,0.0,0.0,0,0.0,0.0,0.0
RI,Severe Storm,Medium-High,Weather,Medium,4,71,2024,True,True,True,3,3,1,1,1,3,0.75,0.25,1,4485.2974,993.4699999999998,993.4699999999998
SC,Hurricane,Very High,Weather,Long,12,4,2024,True,True,True,5,125,29,2,4,3625,10.41666666666667,2.416666666666667,1,11002536.0,13276685.96,13276685.96
SC,Tropical Storm,Medium-High,Weather,Long,18,56,2024,False,True,True,3,11,3,2,2,33,0.6111111111111112,0.1666666666666667,1,12961.468,8874.060000000056,8874.060000000056
SD,Flood,High,Weather,Long,22,60,2024,True,True,True,4,25,5,2,3,125,1.136363636363636,0.2272727272727273,1,181379.56,145773.55,145773.55
TN,Severe Storm,Medium-High,Weather,Short,0,4,2024,True,True,True,3,23,4,2,2,92,0.0,0.0,1,432144.12,476236.66,476236.66
TN,Severe Storm,Medium-High,Weather,Short,1,40,2024,False,True,True,3,0,0,0,0,0,0.0,0.0,0,0.0,0.0,0.0
TX,Flood,High,Weather,Long,40,21,2024,True,True,True,4,36,8,1,1,288,0.9,0.2,1,4140246.5,4193217.05,4193217.05
TX,Hurricane,Very High,Weather,Medium,4,4,2024,True,True,True,5,115,20,2,4,2300,28.75,5.0,1,5123392.0,4247306.22,4247306.22
UT,Flood,High,Weather,Long,26,236,2024,False,True,True,4,0,0,0,0,0,0.0,0.0,0,0.0,0.0,0.0
VT,Flood,High,Weather,Short,2,64,2024,False,True,True,4,0,0,0,0,0,0.0,0.0,0,0.0,0.0,0.0
VT,Severe Storm,Medium-High,Weather,Short,1,75,2024,False,True,True,3,0,0,0,0,0,0.0,0.0,0,0.0,0.0,0.0
VT,Severe Storm,Medium-High,Weather,Medium,4,101,2024,False,True,True,3,0,0,0,0,0,0.0,0.0,0,0.0,0.0,0.0
VT,Severe Storm,Medium-High,Weather,Short,2,42,2024,True,True,True,3,22,4,1,1,88,11.0,2.0,1,283402.62,46020.58000000001,46020.58000000001
VT,Flood,High,Weather,Short,2,20,2024,False,True,True,4,0,0,0,0,0,0.0,0.0,0,0.0,0.0,0.0
VT,Flood,High,Weather,Short,2,59,2024,True,True,True,4,0,0,0,0,0,0.0,0.0,0,0.0,0.0,0.0
WA,Fire,Medium,Unknown,Medium,7,181,2024,True,True,True,2,6,2,1,2,12,0.8571428571428571,0.2857142857142857,1,10554.722,17637.61,17637.61
WA,Severe Storm,Medium-High,Weather,Long,24,114,2024,False,True,True,3,7,1,1,2,7,0.2916666666666667,0.04166666666666666,1,7259.7803,7580.89,7580.89
WA,Fire,Medium,Unknown,Long,16,94,2024,True,True,True,2,0,0,0,0,0,0.0,0.0,0,0.0,0.0,0.0
WV,Flood,High,Weather,Short,2,155,2024,True,True,True,4,9,1,1,1,9,4.5,0.5,1,3920.5505,3672.79,3672.79
WV,Severe Storm,Medium-High,Weather,Medium,4,50,2024,True,True,True,3,8,1,1,1,8,2.0,0.25,1,2888.4585,1548.120000000001,1548.120000000001
WV,Flood,High,Weather,Short,1,43,2024,True,True,True,4,0,0,0,0,0,0.0,0.0,0,0.0,0.0,0.0
